time,value,f
2026-04-20 00:00:00,14.3,"0,0,0"
2026-04-20 00:06:00,14.3,"0,0,0"
2026-04-20 00:12:00,14.4,"0,0,0"
2026-04-20 00:18:00,14.4,"0,0,0"
2026-04-20 00:24:00,14.4,"0,0,0"
2026-04-20 00:30:00,14.4,"0,0,0"
2026-04-20 00:36:00,14.4,"0,0,0"
2026-04-20 00:42:00,14.4,"0,0,0"
2026-04-20 00:48:00,14.4,"0,0,0"
2026-04-20 00:54:00,14.5,"0,0,0"
2026-04-20 01:00:00,14.5,"0,0,0"
2026-04-20 01:06:00,14.5,"0,0,0"
2026-04-20 01:12:00,14.6,"0,0,0"
2026-04-20 01:18:00,14.5,"0,0,0"
2026-04-20 01:24:00,14.5,"0,0,0"
2026-04-20 01:30:00,14.5,"0,0,0"
2026-04-20 01:36:00,14.5,"0,0,0"
2026-04-20 01:42:00,14.5,"0,0,0"
2026-04-20 01:48:00,14.5,"0,0,0"
2026-04-20 01:54:00,14.5,"0,0,0"
2026-04-20 02:00:00,14.5,"0,0,0"
2026-04-20 02:06:00,14.5,"0,0,0"
2026-04-20 02:12:00,14.5,"0,0,0"
2026-04-20 02:18:00,14.5,"0,0,0"
2026-04-20 02:24:00,14.5,"0,0,0"
2026-04-20 02:30:00,14.5,"0,0,0"
2026-04-20 02:36:00,14.5,"0,0,0"
2026-04-20 02:42:00,14.5,"0,0,0"
2026-04-20 02:48:00,14.5,"0,0,0"
2026-04-20 02:54:00,14.5,"0,0,0"
2026-04-20 03:00:00,14.5,"0,0,0"
2026-04-20 03:06:00,14.5,"0,0,0"
2026-04-20 03:12:00,14.5,"0,0,0"
2026-04-20 03:18:00,14.6,"0,0,0"
2026-04-20 03:24:00,14.6,"0,0,0"
2026-04-20 03:30:00,14.6,"0,0,0"
2026-04-20 03:36:00,14.6,"0,0,0"
2026-04-20 03:42:00,14.6,"0,0,0"
2026-04-20 03:48:00,14.6,"0,0,0"
2026-04-20 03:54:00,14.5,"0,0,0"
2026-04-20 04:00:00,14.5,"0,0,0"
2026-04-20 04:06:00,14.5,"0,0,0"
2026-04-20 04:12:00,14.5,"0,0,0"
2026-04-20 04:18:00,14.5,"0,0,0"
2026-04-20 04:24:00,14.5,"0,0,0"
2026-04-20 04:30:00,14.5,"0,0,0"
2026-04-20 04:36:00,14.5,"0,0,0"
2026-04-20 04:42:00,14.5,"0,0,0"
2026-04-20 04:48:00,14.5,"0,0,0"
2026-04-20 04:54:00,14.5,"0,0,0"
2026-04-20 05:00:00,14.5,"0,0,0"
2026-04-20 05:06:00,14.5,"0,0,0"
2026-04-20 05:12:00,14.5,"0,0,0"
2026-04-20 05:18:00,14.5,"0,0,0"
2026-04-20 05:24:00,14.5,"0,0,0"
2026-04-20 05:30:00,14.5,"0,0,0"
2026-04-20 05:36:00,14.5,"0,0,0"
2026-04-20 05:42:00,14.5,"0,0,0"
2026-04-20 05:48:00,14.5,"0,0,0"
2026-04-20 05:54:00,14.5,"0,0,0"
2026-04-20 06:00:00,14.5,"0,0,0"
2026-04-20 06:06:00,14.5,"0,0,0"
2026-04-20 06:12:00,14.5,"0,0,0"
2026-04-20 06:18:00,14.5,"0,0,0"
2026-04-20 06:24:00,14.5,"0,0,0"
2026-04-20 06:30:00,14.5,"0,0,0"
2026-04-20 06:36:00,14.5,"0,0,0"
2026-04-20 06:42:00,14.5,"0,0,0"
2026-04-20 06:48:00,14.5,"0,0,0"
2026-04-20 06:54:00,14.5,"0,0,0"
2026-04-20 07:00:00,14.5,"0,0,0"
2026-04-20 07:06:00,14.5,"0,0,0"
2026-04-20 07:12:00,14.5,"0,0,0"
2026-04-20 07:18:00,14.5,"0,0,0"
2026-04-20 07:24:00,14.5,"0,0,0"
2026-04-20 07:30:00,14.5,"0,0,0"
2026-04-20 07:36:00,14.5,"0,0,0"
2026-04-20 07:42:00,14.5,"0,0,0"
2026-04-20 07:48:00,14.5,"0,0,0"
2026-04-20 07:54:00,14.5,"0,0,0"
2026-04-20 08:00:00,14.5,"0,0,0"
2026-04-20 08:06:00,14.5,"0,0,0"
2026-04-20 08:12:00,14.5,"0,0,0"
2026-04-20 08:18:00,14.5,"0,0,0"
2026-04-20 08:24:00,14.5,"0,0,0"
2026-04-20 08:30:00,14.5,"0,0,0"
2026-04-20 08:36:00,14.5,"0,0,0"
2026-04-20 08:42:00,14.5,"0,0,0"
2026-04-20 08:48:00,14.5,"0,0,0"
2026-04-20 08:54:00,14.5,"0,0,0"
2026-04-20 09:00:00,14.5,"0,0,0"
2026-04-20 09:06:00,14.5,"0,0,0"
2026-04-20 09:12:00,14.5,"0,0,0"
2026-04-20 09:18:00,14.5,"0,0,0"
2026-04-20 09:24:00,14.5,"0,0,0"
2026-04-20 09:30:00,14.5,"0,0,0"
2026-04-20 09:36:00,14.5,"0,0,0"
2026-04-20 09:42:00,14.5,"0,0,0"
2026-04-20 09:48:00,14.5,"0,0,0"
2026-04-20 09:54:00,14.5,"0,0,0"
2026-04-20 10:00:00,14.5,"0,0,0"
2026-04-20 10:06:00,14.5,"0,0,0"
2026-04-20 10:12:00,14.5,"0,0,0"
2026-04-20 10:18:00,14.5,"0,0,0"
2026-04-20 10:24:00,14.5,"0,0,0"
2026-04-20 10:30:00,14.5,"0,0,0"
2026-04-20 10:36:00,14.5,"0,0,0"
2026-04-20 10:42:00,14.5,"0,0,0"
2026-04-20 10:48:00,14.5,"0,0,0"
2026-04-20 10:54:00,14.5,"0,0,0"
2026-04-20 11:00:00,14.5,"0,0,0"
2026-04-20 11:06:00,14.5,"0,0,0"
2026-04-20 11:12:00,14.5,"0,0,0"
2026-04-20 11:18:00,14.5,"0,0,0"
2026-04-20 11:24:00,14.5,"0,0,0"
2026-04-20 11:30:00,14.5,"0,0,0"
2026-04-20 11:36:00,14.4,"0,0,0"
2026-04-20 11:42:00,14.4,"0,0,0"
2026-04-20 11:48:00,14.4,"0,0,0"
2026-04-20 11:54:00,14.4,"0,0,0"
2026-04-20 12:00:00,14.4,"0,0,0"
2026-04-20 12:06:00,14.5,"0,0,0"
2026-04-20 12:12:00,14.5,"0,0,0"
2026-04-20 12:18:00,14.5,"0,0,0"
2026-04-20 12:24:00,14.5,"0,0,0"
2026-04-20 12:30:00,14.5,"0,0,0"
2026-04-20 12:36:00,14.5,"0,0,0"
2026-04-20 12:42:00,14.5,"0,0,0"
2026-04-20 12:48:00,14.4,"0,0,0"
2026-04-20 12:54:00,14.4,"0,0,0"
2026-04-20 13:00:00,14.4,"0,0,0"
2026-04-20 13:06:00,14.4,"0,0,0"
2026-04-20 13:12:00,14.4,"0,0,0"
2026-04-20 13:18:00,14.4,"0,0,0"
2026-04-20 13:24:00,14.4,"0,0,0"
2026-04-20 13:30:00,14.4,"0,0,0"
2026-04-20 13:36:00,14.4,"0,0,0"
2026-04-20 13:42:00,14.4,"0,0,0"
2026-04-20 13:48:00,14.4,"0,0,0"
2026-04-20 13:54:00,14.3,"0,0,0"
2026-04-20 14:00:00,14.3,"0,0,0"
2026-04-20 14:06:00,14.3,"0,0,0"
2026-04-20 14:12:00,14.3,"0,0,0"
2026-04-20 14:18:00,14.3,"0,0,0"
2026-04-20 14:24:00,14.4,"0,0,0"
2026-04-20 14:30:00,14.4,"0,0,0"
2026-04-20 14:36:00,14.4,"0,0,0"
2026-04-20 14:42:00,14.3,"0,0,0"
2026-04-20 14:48:00,14.3,"0,0,0"
2026-04-20 14:54:00,14.3,"0,0,0"
2026-04-20 15:00:00,14.3,"0,0,0"
2026-04-20 15:06:00,14.3,"0,0,0"
2026-04-20 15:12:00,14.3,"0,0,0"
2026-04-20 15:18:00,14.3,"0,0,0"
2026-04-20 15:24:00,14.3,"0,0,0"
2026-04-20 15:30:00,14.3,"0,0,0"
2026-04-20 15:36:00,14.3,"0,0,0"
2026-04-20 15:42:00,14.4,"0,0,0"
2026-04-20 15:48:00,14.4,"0,0,0"
2026-04-20 15:54:00,14.3,"0,0,0"
2026-04-20 16:00:00,14.3,"0,0,0"
2026-04-20 16:06:00,14.3,"0,0,0"
2026-04-20 16:12:00,14.4,"0,0,0"
2026-04-20 16:18:00,14.4,"0,0,0"
2026-04-20 16:24:00,14.4,"0,0,0"
2026-04-20 16:30:00,14.4,"0,0,0"
2026-04-20 16:36:00,14.4,"0,0,0"
2026-04-20 16:42:00,14.4,"0,0,0"
2026-04-20 16:48:00,14.4,"0,0,0"
2026-04-20 16:54:00,14.4,"0,0,0"
2026-04-20 17:00:00,14.4,"0,0,0"
2026-04-20 17:06:00,14.4,"0,0,0"
2026-04-20 17:12:00,14.4,"0,0,0"
2026-04-20 17:18:00,14.4,"0,0,0"
2026-04-20 17:24:00,14.4,"0,0,0"
2026-04-20 17:30:00,14.5,"0,0,0"
2026-04-20 17:36:00,14.5,"0,0,0"
2026-04-20 17:42:00,14.5,"0,0,0"
2026-04-20 17:48:00,14.5,"0,0,0"
2026-04-20 17:54:00,14.5,"0,0,0"
2026-04-20 18:00:00,14.5,"0,0,0"
2026-04-20 18:06:00,14.5,"0,0,0"
2026-04-20 18:12:00,14.5,"0,0,0"
2026-04-20 18:18:00,14.5,"0,0,0"
2026-04-20 18:24:00,14.5,"0,0,0"
2026-04-20 18:30:00,14.5,"0,0,0"
2026-04-20 18:36:00,14.5,"0,0,0"
2026-04-20 18:42:00,14.5,"0,0,0"
2026-04-20 18:48:00,14.5,"0,0,0"
2026-04-20 18:54:00,14.5,"0,0,0"
2026-04-20 19:00:00,14.5,"0,0,0"
2026-04-20 19:06:00,14.5,"0,0,0"
2026-04-20 19:12:00,14.5,"0,0,0"
2026-04-20 19:18:00,14.5,"0,0,0"
2026-04-20 19:24:00,14.5,"0,0,0"
2026-04-20 19:30:00,14.5,"0,0,0"
2026-04-20 19:36:00,14.5,"0,0,0"
2026-04-20 19:42:00,14.4,"0,0,0"
2026-04-20 19:48:00,14.4,"0,0,0"
2026-04-20 19:54:00,14.4,"0,0,0"
2026-04-20 20:00:00,14.4,"0,0,0"
2026-04-20 20:06:00,14.4,"0,0,0"
2026-04-20 20:12:00,14.4,"0,0,0"
2026-04-20 20:18:00,14.4,"0,0,0"
2026-04-20 20:24:00,14.4,"0,0,0"
2026-04-20 20:30:00,14.4,"0,0,0"
2026-04-20 20:36:00,14.4,"0,0,0"
2026-04-20 20:42:00,14.5,"0,0,0"
2026-04-20 20:48:00,14.4,"0,0,0"
2026-04-20 20:54:00,14.4,"0,0,0"
2026-04-20 21:00:00,14.5,"0,0,0"
2026-04-20 21:06:00,14.5,"0,0,0"
2026-04-20 21:12:00,14.4,"0,0,0"
2026-04-20 21:18:00,14.5,"0,0,0"
2026-04-20 21:24:00,14.5,"0,0,0"
2026-04-20 21:30:00,14.5,"0,0,0"
2026-04-20 21:36:00,14.5,"0,0,0"
2026-04-20 21:42:00,14.5,"0,0,0"
2026-04-20 21:48:00,14.5,"0,0,0"
2026-04-20 21:54:00,14.5,"0,0,0"
2026-04-20 22:00:00,14.5,"0,0,0"
2026-04-20 22:06:00,14.5,"0,0,0"
2026-04-20 22:12:00,14.5,"0,0,0"
2026-04-20 22:18:00,14.5,"0,0,0"
2026-04-20 22:24:00,14.5,"0,0,0"
2026-04-20 22:30:00,14.5,"0,0,0"
2026-04-20 22:36:00,14.5,"0,0,0"
2026-04-20 22:42:00,14.5,"0,0,0"
2026-04-20 22:48:00,14.5,"0,0,0"
2026-04-20 22:54:00,14.5,"0,0,0"
2026-04-20 23:00:00,14.5,"0,0,0"
2026-04-20 23:06:00,14.5,"0,0,0"
2026-04-20 23:12:00,14.5,"0,0,0"
2026-04-20 23:18:00,14.5,"0,0,0"
2026-04-20 23:24:00,14.5,"0,0,0"
2026-04-20 23:30:00,14.5,"0,0,0"
2026-04-20 23:36:00,14.5,"0,0,0"
2026-04-20 23:42:00,14.5,"0,0,0"
2026-04-20 23:48:00,14.5,"0,0,0"
2026-04-20 23:54:00,14.5,"0,0,0"
2026-04-21 00:00:00,14.5,"0,0,0"
2026-04-21 00:06:00,14.5,"0,0,0"
2026-04-21 00:12:00,14.5,"0,0,0"
2026-04-21 00:18:00,14.5,"0,0,0"
2026-04-21 00:24:00,14.5,"0,0,0"
2026-04-21 00:30:00,14.5,"0,0,0"
2026-04-21 00:36:00,14.5,"0,0,0"
2026-04-21 00:42:00,14.5,"0,0,0"
2026-04-21 00:48:00,14.5,"0,0,0"
2026-04-21 00:54:00,14.5,"0,0,0"
2026-04-21 01:00:00,14.5,"0,0,0"
2026-04-21 01:06:00,14.5,"0,0,0"
2026-04-21 01:12:00,14.5,"0,0,0"
2026-04-21 01:18:00,14.5,"0,0,0"
2026-04-21 01:24:00,14.5,"0,0,0"
2026-04-21 01:30:00,14.6,"0,0,0"
2026-04-21 01:36:00,14.6,"0,0,0"
2026-04-21 01:42:00,14.6,"0,0,0"
2026-04-21 01:48:00,14.6,"0,0,0"
2026-04-21 01:54:00,14.5,"0,0,0"
2026-04-21 02:00:00,14.6,"0,0,0"
2026-04-21 02:06:00,14.6,"0,0,0"
2026-04-21 02:12:00,14.5,"0,0,0"
2026-04-21 02:18:00,14.5,"0,0,0"
2026-04-21 02:24:00,14.6,"0,0,0"
2026-04-21 02:30:00,14.6,"0,0,0"
2026-04-21 02:36:00,14.6,"0,0,0"
2026-04-21 02:42:00,14.6,"0,0,0"
2026-04-21 02:48:00,14.6,"0,0,0"
2026-04-21 02:54:00,14.6,"0,0,0"
2026-04-21 03:00:00,14.6,"0,0,0"
2026-04-21 03:06:00,14.6,"0,0,0"
2026-04-21 03:12:00,14.6,"0,0,0"
2026-04-21 03:18:00,14.6,"0,0,0"
2026-04-21 03:24:00,14.6,"0,0,0"
2026-04-21 03:30:00,14.6,"0,0,0"
2026-04-21 03:36:00,14.6,"0,0,0"
2026-04-21 03:42:00,14.6,"0,0,0"
2026-04-21 03:48:00,14.6,"0,0,0"
2026-04-21 03:54:00,14.6,"0,0,0"
2026-04-21 04:00:00,14.6,"0,0,0"
2026-04-21 04:06:00,14.6,"0,0,0"
2026-04-21 04:12:00,14.6,"0,0,0"
2026-04-21 04:18:00,14.6,"0,0,0"
2026-04-21 04:24:00,14.6,"0,0,0"
2026-04-21 04:30:00,14.6,"0,0,0"
2026-04-21 04:36:00,14.6,"0,0,0"
2026-04-21 04:42:00,14.6,"0,0,0"
2026-04-21 04:48:00,14.6,"0,0,0"
2026-04-21 04:54:00,14.6,"0,0,0"
2026-04-21 05:00:00,14.6,"0,0,0"
2026-04-21 05:06:00,14.6,"0,0,0"
2026-04-21 05:12:00,14.6,"0,0,0"
2026-04-21 05:18:00,14.6,"0,0,0"
2026-04-21 05:24:00,14.6,"0,0,0"
2026-04-21 05:30:00,14.6,"0,0,0"
2026-04-21 05:36:00,14.6,"0,0,0"
2026-04-21 05:42:00,14.6,"0,0,0"
2026-04-21 05:48:00,14.6,"0,0,0"
2026-04-21 05:54:00,14.6,"0,0,0"
2026-04-21 06:00:00,14.6,"0,0,0"
2026-04-21 06:06:00,14.6,"0,0,0"
2026-04-21 06:12:00,14.6,"0,0,0"
2026-04-21 06:18:00,14.6,"0,0,0"
2026-04-21 06:24:00,14.6,"0,0,0"
2026-04-21 06:30:00,14.6,"0,0,0"
2026-04-21 06:36:00,14.6,"0,0,0"
2026-04-21 06:42:00,14.6,"0,0,0"
2026-04-21 06:48:00,14.6,"0,0,0"
2026-04-21 06:54:00,14.6,"0,0,0"
2026-04-21 07:00:00,14.6,"0,0,0"
2026-04-21 07:06:00,14.6,"0,0,0"
2026-04-21 07:12:00,14.6,"0,0,0"
2026-04-21 07:18:00,14.6,"0,0,0"
2026-04-21 07:24:00,14.6,"0,0,0"
2026-04-21 07:30:00,14.6,"0,0,0"
2026-04-21 07:36:00,14.6,"0,0,0"
2026-04-21 07:42:00,14.6,"0,0,0"
2026-04-21 07:48:00,14.6,"0,0,0"
2026-04-21 07:54:00,14.6,"0,0,0"
2026-04-21 08:00:00,14.6,"0,0,0"
2026-04-21 08:06:00,14.6,"0,0,0"
2026-04-21 08:12:00,14.6,"0,0,0"
2026-04-21 08:18:00,14.6,"0,0,0"
2026-04-21 08:24:00,14.6,"0,0,0"
2026-04-21 08:30:00,14.6,"0,0,0"
2026-04-21 08:36:00,14.6,"0,0,0"
2026-04-21 08:42:00,14.6,"0,0,0"
2026-04-21 08:48:00,14.6,"0,0,0"
2026-04-21 08:54:00,14.6,"0,0,0"
2026-04-21 09:00:00,14.6,"0,0,0"
2026-04-21 09:06:00,14.6,"0,0,0"
2026-04-21 09:12:00,14.6,"0,0,0"
2026-04-21 09:18:00,14.6,"0,0,0"
2026-04-21 09:24:00,14.6,"0,0,0"
2026-04-21 09:30:00,14.6,"0,0,0"
2026-04-21 09:36:00,14.6,"0,0,0"
2026-04-21 09:42:00,14.6,"0,0,0"
2026-04-21 09:48:00,14.6,"0,0,0"
2026-04-21 09:54:00,14.6,"0,0,0"
2026-04-21 10:00:00,14.6,"0,0,0"
2026-04-21 10:06:00,14.6,"0,0,0"
2026-04-21 10:12:00,14.5,"0,0,0"
2026-04-21 10:18:00,14.5,"0,0,0"
2026-04-21 10:24:00,14.5,"0,0,0"
2026-04-21 10:30:00,14.5,"0,0,0"
2026-04-21 10:36:00,14.5,"0,0,0"
2026-04-21 10:42:00,14.5,"0,0,0"
2026-04-21 10:48:00,14.5,"0,0,0"
2026-04-21 10:54:00,14.5,"0,0,0"
2026-04-21 11:00:00,14.5,"0,0,0"
2026-04-21 11:06:00,14.5,"0,0,0"
2026-04-21 11:12:00,14.5,"0,0,0"
2026-04-21 11:18:00,14.5,"0,0,0"
2026-04-21 11:24:00,14.5,"0,0,0"
2026-04-21 11:30:00,14.5,"0,0,0"
2026-04-21 11:36:00,14.5,"0,0,0"
2026-04-21 11:42:00,14.5,"0,0,0"
2026-04-21 11:48:00,14.5,"0,0,0"
2026-04-21 11:54:00,14.5,"0,0,0"
2026-04-21 12:00:00,14.5,"0,0,0"
2026-04-21 12:06:00,14.5,"0,0,0"
2026-04-21 12:12:00,14.5,"0,0,0"
2026-04-21 12:18:00,14.5,"0,0,0"
2026-04-21 12:24:00,14.5,"0,0,0"
2026-04-21 12:30:00,14.5,"0,0,0"
2026-04-21 12:36:00,14.4,"0,0,0"
2026-04-21 12:42:00,14.4,"0,0,0"
2026-04-21 12:48:00,14.4,"0,0,0"
2026-04-21 12:54:00,14.4,"0,0,0"
2026-04-21 13:00:00,14.4,"0,0,0"
2026-04-21 13:06:00,14.4,"0,0,0"
2026-04-21 13:12:00,14.4,"0,0,0"
2026-04-21 13:18:00,14.4,"0,0,0"
2026-04-21 13:24:00,14.4,"0,0,0"
2026-04-21 13:30:00,14.4,"0,0,0"
2026-04-21 13:36:00,14.4,"0,0,0"
2026-04-21 13:42:00,14.4,"0,0,0"
2026-04-21 13:48:00,14.4,"0,0,0"
2026-04-21 13:54:00,14.4,"0,0,0"
2026-04-21 14:00:00,14.4,"0,0,0"
2026-04-21 14:06:00,14.4,"0,0,0"
2026-04-21 14:12:00,14.4,"0,0,0"
2026-04-21 14:18:00,14.4,"0,0,0"
2026-04-21 14:24:00,14.4,"0,0,0"
2026-04-21 14:30:00,14.5,"0,0,0"
2026-04-21 14:36:00,14.5,"0,0,0"
2026-04-21 14:42:00,14.5,"0,0,0"
2026-04-21 14:48:00,14.5,"0,0,0"
2026-04-21 14:54:00,14.4,"0,0,0"
2026-04-21 15:00:00,14.4,"0,0,0"
2026-04-21 15:06:00,14.5,"0,0,0"
2026-04-21 15:12:00,14.5,"0,0,0"
2026-04-21 15:18:00,14.5,"0,0,0"
2026-04-21 15:24:00,14.5,"0,0,0"
2026-04-21 15:30:00,14.5,"0,0,0"
2026-04-21 15:36:00,14.5,"0,0,0"
2026-04-21 15:42:00,14.5,"0,0,0"
2026-04-21 15:48:00,14.5,"0,0,0"
2026-04-21 15:54:00,14.5,"0,0,0"
2026-04-21 16:00:00,14.5,"0,0,0"
2026-04-21 16:06:00,14.5,"0,0,0"
2026-04-21 16:12:00,14.5,"0,0,0"
2026-04-21 16:18:00,14.5,"0,0,0"
2026-04-21 16:24:00,14.5,"0,0,0"
2026-04-21 16:30:00,14.5,"0,0,0"
2026-04-21 16:36:00,14.5,"0,0,0"
2026-04-21 16:42:00,14.4,"0,0,0"
2026-04-21 16:48:00,14.4,"0,0,0"
2026-04-21 16:54:00,14.4,"0,0,0"
2026-04-21 17:00:00,14.4,"0,0,0"
2026-04-21 17:06:00,14.4,"0,0,0"
2026-04-21 17:12:00,14.3,"0,0,0"
2026-04-21 17:18:00,14.3,"0,0,0"
2026-04-21 17:24:00,14.3,"0,0,0"
2026-04-21 17:30:00,14.3,"0,0,0"
2026-04-21 17:36:00,14.3,"0,0,0"
2026-04-21 17:42:00,14.3,"0,0,0"
2026-04-21 17:48:00,14.3,"0,0,0"
2026-04-21 17:54:00,14.3,"0,0,0"
2026-04-21 18:00:00,14.3,"0,0,0"
2026-04-21 18:06:00,14.3,"0,0,0"
2026-04-21 18:12:00,14.3,"0,0,0"
2026-04-21 18:18:00,14.3,"0,0,0"
2026-04-21 18:24:00,14.3,"0,0,0"
2026-04-21 18:30:00,14.3,"0,0,0"
2026-04-21 18:36:00,14.3,"0,0,0"
2026-04-21 18:42:00,14.2,"0,0,0"
2026-04-21 18:48:00,14.2,"0,0,0"
2026-04-21 18:54:00,14.2,"0,0,0"
2026-04-21 19:00:00,14.2,"0,0,0"
2026-04-21 19:06:00,14.2,"0,0,0"
2026-04-21 19:12:00,14.2,"0,0,0"
2026-04-21 19:18:00,14.2,"0,0,0"
2026-04-21 19:24:00,14.2,"0,0,0"
2026-04-21 19:30:00,14.2,"0,0,0"
2026-04-21 19:36:00,14.3,"0,0,0"
2026-04-21 19:42:00,14.4,"0,0,0"
2026-04-21 19:48:00,14.4,"0,0,0"
2026-04-21 19:54:00,14.4,"0,0,0"
2026-04-21 20:00:00,14.4,"0,0,0"
2026-04-21 20:06:00,14.5,"0,0,0"
2026-04-21 20:12:00,14.4,"0,0,0"
2026-04-21 20:18:00,14.4,"0,0,0"
2026-04-21 20:24:00,14.4,"0,0,0"
2026-04-21 20:30:00,14.3,"0,0,0"
2026-04-21 20:36:00,14.3,"0,0,0"
2026-04-21 20:42:00,14.3,"0,0,0"
2026-04-21 20:48:00,14.3,"0,0,0"
2026-04-21 20:54:00,14.2,"0,0,0"
2026-04-21 21:00:00,14.2,"0,0,0"
2026-04-21 21:06:00,14.2,"0,0,0"
2026-04-21 21:12:00,14.2,"0,0,0"
2026-04-21 21:18:00,14.2,"0,0,0"
2026-04-21 21:24:00,14.2,"0,0,0"
2026-04-21 21:30:00,14.3,"0,0,0"
2026-04-21 21:36:00,14.4,"0,0,0"
2026-04-21 21:42:00,14.4,"0,0,0"
2026-04-21 21:48:00,14.5,"0,0,0"
2026-04-21 21:54:00,14.7,"0,0,0"
2026-04-21 22:00:00,14.8,"0,0,0"
2026-04-21 22:06:00,14.9,"0,0,0"
2026-04-21 22:12:00,15.0,"0,0,0"
2026-04-21 22:18:00,14.9,"0,0,0"
2026-04-21 22:24:00,14.8,"0,0,0"
2026-04-21 22:30:00,14.7,"0,0,0"
2026-04-21 22:36:00,14.7,"0,0,0"
2026-04-21 22:42:00,14.7,"0,0,0"
2026-04-21 22:48:00,14.7,"0,0,0"
2026-04-21 22:54:00,14.7,"0,0,0"
2026-04-21 23:00:00,14.7,"0,0,0"
2026-04-21 23:06:00,14.6,"0,0,0"
2026-04-21 23:12:00,14.6,"0,0,0"
2026-04-21 23:18:00,14.5,"0,0,0"
2026-04-21 23:24:00,14.5,"0,0,0"
2026-04-21 23:30:00,14.5,"0,0,0"
2026-04-21 23:36:00,14.4,"0,0,0"
2026-04-21 23:42:00,14.4,"0,0,0"
2026-04-21 23:48:00,14.5,"0,0,0"
2026-04-21 23:54:00,14.5,"0,0,0"
2026-04-22 00:00:00,14.5,"0,0,0"
2026-04-22 00:06:00,14.5,"0,0,0"
2026-04-22 00:12:00,14.4,"0,0,0"
2026-04-22 00:18:00,14.4,"0,0,0"
2026-04-22 00:24:00,14.5,"0,0,0"
2026-04-22 00:30:00,14.5,"0,0,0"
2026-04-22 00:36:00,14.5,"0,0,0"
2026-04-22 00:42:00,14.6,"0,0,0"
2026-04-22 00:48:00,14.7,"0,0,0"
2026-04-22 00:54:00,14.7,"0,0,0"
2026-04-22 01:00:00,14.7,"0,0,0"
2026-04-22 01:06:00,14.7,"0,0,0"
2026-04-22 01:12:00,14.8,"0,0,0"
2026-04-22 01:18:00,14.8,"0,0,0"
2026-04-22 01:24:00,14.8,"0,0,0"
2026-04-22 01:30:00,14.9,"0,0,0"
2026-04-22 01:36:00,14.8,"0,0,0"
2026-04-22 01:42:00,14.7,"0,0,0"
2026-04-22 01:48:00,14.7,"0,0,0"
2026-04-22 01:54:00,14.8,"0,0,0"
2026-04-22 02:00:00,14.8,"0,0,0"
2026-04-22 02:06:00,14.8,"0,0,0"
2026-04-22 02:12:00,14.8,"0,0,0"
2026-04-22 02:18:00,14.8,"0,0,0"
2026-04-22 02:24:00,14.9,"0,0,0"
2026-04-22 02:30:00,14.9,"0,0,0"
2026-04-22 02:36:00,14.9,"0,0,0"
2026-04-22 02:42:00,14.9,"0,0,0"
2026-04-22 02:48:00,14.8,"0,0,0"
2026-04-22 02:54:00,14.8,"0,0,0"
2026-04-22 03:00:00,14.8,"0,0,0"
2026-04-22 03:06:00,14.7,"0,0,0"
2026-04-22 03:12:00,14.7,"0,0,0"
2026-04-22 03:18:00,14.7,"0,0,0"
2026-04-22 03:24:00,14.6,"0,0,0"
2026-04-22 03:30:00,14.6,"0,0,0"
2026-04-22 03:36:00,14.6,"0,0,0"
2026-04-22 03:42:00,14.6,"0,0,0"
2026-04-22 03:48:00,14.6,"0,0,0"
2026-04-22 03:54:00,14.7,"0,0,0"
2026-04-22 04:00:00,14.7,"0,0,0"
2026-04-22 04:06:00,14.7,"0,0,0"
2026-04-22 04:12:00,14.7,"0,0,0"
2026-04-22 04:18:00,14.7,"0,0,0"
2026-04-22 04:24:00,14.7,"0,0,0"
2026-04-22 04:30:00,14.6,"0,0,0"
2026-04-22 04:36:00,14.6,"0,0,0"
2026-04-22 04:42:00,14.6,"0,0,0"
2026-04-22 04:48:00,14.6,"0,0,0"
2026-04-22 04:54:00,14.6,"0,0,0"
2026-04-22 05:00:00,14.7,"0,0,0"
2026-04-22 05:06:00,14.7,"0,0,0"
2026-04-22 05:12:00,14.7,"0,0,0"
2026-04-22 05:18:00,14.7,"0,0,0"
2026-04-22 05:24:00,14.7,"0,0,0"
2026-04-22 05:30:00,14.7,"0,0,0"
2026-04-22 05:36:00,14.7,"0,0,0"
2026-04-22 05:42:00,14.7,"0,0,0"
2026-04-22 05:48:00,14.7,"0,0,0"
2026-04-22 05:54:00,14.7,"0,0,0"
2026-04-22 06:00:00,14.7,"0,0,0"
2026-04-22 06:06:00,14.7,"0,0,0"
2026-04-22 06:12:00,14.7,"0,0,0"
2026-04-22 06:18:00,14.7,"0,0,0"
2026-04-22 06:24:00,14.7,"0,0,0"
2026-04-22 06:30:00,14.7,"0,0,0"
2026-04-22 06:36:00,14.7,"0,0,0"
2026-04-22 06:42:00,14.7,"0,0,0"
2026-04-22 06:48:00,14.7,"0,0,0"
2026-04-22 06:54:00,14.7,"0,0,0"
2026-04-22 07:00:00,14.6,"0,0,0"
2026-04-22 07:06:00,14.6,"0,0,0"
2026-04-22 07:12:00,14.6,"0,0,0"
2026-04-22 07:18:00,14.6,"0,0,0"
2026-04-22 07:24:00,14.5,"0,0,0"
2026-04-22 07:30:00,14.4,"0,0,0"
2026-04-22 07:36:00,14.3,"0,0,0"
2026-04-22 07:42:00,14.3,"0,0,0"
2026-04-22 07:48:00,14.3,"0,0,0"
2026-04-22 07:54:00,14.3,"0,0,0"
2026-04-22 08:00:00,14.3,"0,0,0"
2026-04-22 08:06:00,14.3,"0,0,0"
2026-04-22 08:12:00,14.3,"0,0,0"
2026-04-22 08:18:00,14.3,"0,0,0"
2026-04-22 08:24:00,14.2,"0,0,0"
2026-04-22 08:30:00,14.2,"0,0,0"
2026-04-22 08:36:00,14.2,"0,0,0"
2026-04-22 08:42:00,14.2,"0,0,0"
2026-04-22 08:48:00,14.2,"0,0,0"
2026-04-22 08:54:00,14.2,"0,0,0"
2026-04-22 09:00:00,14.2,"0,0,0"
2026-04-22 09:06:00,14.1,"0,0,0"
2026-04-22 09:12:00,14.1,"0,0,0"
2026-04-22 09:18:00,14.1,"0,0,0"
2026-04-22 09:24:00,14.1,"0,0,0"
2026-04-22 09:30:00,14.1,"0,0,0"
2026-04-22 09:36:00,14.1,"0,0,0"
2026-04-22 09:42:00,14.1,"0,0,0"
2026-04-22 09:48:00,14.1,"0,0,0"
2026-04-22 09:54:00,14.1,"0,0,0"
2026-04-22 10:00:00,14.1,"0,0,0"
2026-04-22 10:06:00,14.1,"0,0,0"
2026-04-22 10:12:00,14.1,"0,0,0"
2026-04-22 10:18:00,14.1,"0,0,0"
2026-04-22 10:24:00,14.2,"0,0,0"
2026-04-22 10:30:00,14.1,"0,0,0"
2026-04-22 10:36:00,14.2,"0,0,0"
2026-04-22 10:42:00,14.2,"0,0,0"
2026-04-22 10:48:00,14.2,"0,0,0"
2026-04-22 10:54:00,14.2,"0,0,0"
2026-04-22 11:00:00,14.2,"0,0,0"
2026-04-22 11:06:00,14.2,"0,0,0"
2026-04-22 11:12:00,14.2,"0,0,0"
2026-04-22 11:18:00,14.2,"0,0,0"
2026-04-22 11:24:00,14.2,"0,0,0"
2026-04-22 11:30:00,14.2,"0,0,0"
2026-04-22 11:36:00,14.2,"0,0,0"
2026-04-22 11:42:00,14.2,"0,0,0"
2026-04-22 11:48:00,14.2,"0,0,0"
2026-04-22 11:54:00,14.2,"0,0,0"
2026-04-22 12:00:00,14.2,"0,0,0"
2026-04-22 12:06:00,14.2,"0,0,0"
2026-04-22 12:12:00,14.2,"0,0,0"
2026-04-22 12:18:00,14.2,"0,0,0"
2026-04-22 12:24:00,14.2,"0,0,0"
2026-04-22 12:30:00,14.2,"0,0,0"
2026-04-22 12:36:00,14.2,"0,0,0"
2026-04-22 12:42:00,14.2,"0,0,0"
2026-04-22 12:48:00,14.2,"0,0,0"
2026-04-22 12:54:00,14.2,"0,0,0"
2026-04-22 13:00:00,14.2,"0,0,0"
2026-04-22 13:06:00,14.2,"0,0,0"
2026-04-22 13:12:00,14.2,"0,0,0"
2026-04-22 13:18:00,14.1,"0,0,0"
2026-04-22 13:24:00,14.0,"0,0,0"
2026-04-22 13:30:00,14.0,"0,0,0"
2026-04-22 13:36:00,13.9,"0,0,0"
2026-04-22 13:42:00,13.9,"0,0,0"
2026-04-22 13:48:00,13.9,"0,0,0"
2026-04-22 13:54:00,13.8,"0,0,0"
2026-04-22 14:00:00,13.8,"0,0,0"
2026-04-22 14:06:00,13.8,"0,0,0"
2026-04-22 14:12:00,13.8,"0,0,0"
2026-04-22 14:18:00,13.8,"0,0,0"
2026-04-22 14:24:00,13.8,"0,0,0"
2026-04-22 14:30:00,13.8,"0,0,0"
2026-04-22 14:36:00,13.8,"0,0,0"
2026-04-22 14:42:00,13.8,"0,0,0"
2026-04-22 14:48:00,13.8,"0,0,0"
2026-04-22 14:54:00,13.8,"0,0,0"
2026-04-22 15:00:00,13.8,"0,0,0"
2026-04-22 15:06:00,13.8,"0,0,0"
2026-04-22 15:12:00,13.8,"0,0,0"
2026-04-22 15:18:00,13.8,"0,0,0"
2026-04-22 15:24:00,13.9,"0,0,0"
2026-04-22 15:30:00,13.9,"0,0,0"
2026-04-22 15:36:00,13.9,"0,0,0"
2026-04-22 15:42:00,13.8,"0,0,0"
2026-04-22 15:48:00,13.9,"0,0,0"
2026-04-22 15:54:00,13.9,"0,0,0"
2026-04-22 16:00:00,13.8,"0,0,0"
2026-04-22 16:06:00,13.8,"0,0,0"
2026-04-22 16:12:00,13.9,"0,0,0"
2026-04-22 16:18:00,13.8,"0,0,0"
2026-04-22 16:24:00,13.9,"0,0,0"
2026-04-22 16:30:00,13.9,"0,0,0"
2026-04-22 16:36:00,13.9,"0,0,0"
2026-04-22 16:42:00,13.9,"0,0,0"
2026-04-22 16:48:00,13.9,"0,0,0"
2026-04-22 16:54:00,13.9,"0,0,0"
2026-04-22 17:00:00,13.9,"0,0,0"
2026-04-22 17:06:00,13.9,"0,0,0"
2026-04-22 17:12:00,13.9,"0,0,0"
2026-04-22 17:18:00,13.9,"0,0,0"
2026-04-22 17:24:00,13.9,"0,0,0"
2026-04-22 17:30:00,14.0,"0,0,0"
2026-04-22 17:36:00,14.0,"0,0,0"
2026-04-22 17:42:00,14.0,"0,0,0"
2026-04-22 17:48:00,14.0,"0,0,0"
2026-04-22 17:54:00,14.0,"0,0,0"
2026-04-22 18:00:00,14.0,"0,0,0"
2026-04-22 18:06:00,14.0,"0,0,0"
2026-04-22 18:12:00,14.0,"0,0,0"
2026-04-22 18:18:00,14.0,"0,0,0"
2026-04-22 18:24:00,14.0,"0,0,0"
2026-04-22 18:30:00,14.1,"0,0,0"
2026-04-22 18:36:00,14.1,"0,0,0"
2026-04-22 18:42:00,14.1,"0,0,0"
2026-04-22 18:48:00,14.1,"0,0,0"
2026-04-22 18:54:00,14.1,"0,0,0"
2026-04-22 19:00:00,14.1,"0,0,0"
2026-04-22 19:06:00,14.1,"0,0,0"
2026-04-22 19:12:00,14.1,"0,0,0"
2026-04-22 19:18:00,14.1,"0,0,0"
2026-04-22 19:24:00,14.1,"0,0,0"
2026-04-22 19:30:00,14.1,"0,0,0"
2026-04-22 19:36:00,14.1,"0,0,0"
2026-04-22 19:42:00,14.1,"0,0,0"
2026-04-22 19:48:00,14.1,"0,0,0"
2026-04-22 19:54:00,14.1,"0,0,0"
2026-04-22 20:00:00,14.2,"0,0,0"
2026-04-22 20:06:00,14.2,"0,0,0"
2026-04-22 20:12:00,14.2,"0,0,0"
2026-04-22 20:18:00,14.2,"0,0,0"
2026-04-22 20:24:00,14.2,"0,0,0"
2026-04-22 20:30:00,14.2,"0,0,0"
2026-04-22 20:36:00,14.2,"0,0,0"
2026-04-22 20:42:00,14.2,"0,0,0"
2026-04-22 20:48:00,14.2,"0,0,0"
2026-04-22 20:54:00,14.3,"0,0,0"
2026-04-22 21:00:00,14.3,"0,0,0"
2026-04-22 21:06:00,14.3,"0,0,0"
2026-04-22 21:12:00,14.3,"0,0,0"
2026-04-22 21:18:00,14.3,"0,0,0"
2026-04-22 21:24:00,14.3,"0,0,0"
2026-04-22 21:30:00,14.4,"0,0,0"
2026-04-22 21:36:00,14.4,"0,0,0"
2026-04-22 21:42:00,14.4,"0,0,0"
2026-04-22 21:48:00,14.4,"0,0,0"
2026-04-22 21:54:00,14.5,"0,0,0"
2026-04-22 22:00:00,14.5,"0,0,0"
2026-04-22 22:06:00,14.5,"0,0,0"
2026-04-22 22:12:00,14.5,"0,0,0"
2026-04-22 22:18:00,14.6,"0,0,0"
2026-04-22 22:24:00,14.6,"0,0,0"
2026-04-22 22:30:00,14.6,"0,0,0"
2026-04-22 22:36:00,14.6,"0,0,0"
2026-04-22 22:42:00,14.6,"0,0,0"
2026-04-22 22:48:00,14.6,"0,0,0"
2026-04-22 22:54:00,14.6,"0,0,0"
2026-04-22 23:00:00,14.6,"0,0,0"
2026-04-22 23:06:00,14.6,"0,0,0"
2026-04-22 23:12:00,14.6,"0,0,0"
2026-04-22 23:18:00,14.6,"0,0,0"
2026-04-22 23:24:00,14.6,"0,0,0"
2026-04-22 23:30:00,14.6,"0,0,0"
2026-04-22 23:36:00,14.6,"0,0,0"
2026-04-22 23:42:00,14.7,"0,0,0"
2026-04-22 23:48:00,14.7,"0,0,0"
2026-04-22 23:54:00,14.7,"0,0,0"
2026-04-23 00:00:00,14.7,"0,0,0"
2026-04-23 00:06:00,14.7,"0,0,0"
2026-04-23 00:12:00,14.6,"0,0,0"
2026-04-23 00:18:00,14.7,"0,0,0"
2026-04-23 00:24:00,14.7,"0,0,0"
2026-04-23 00:30:00,14.8,"0,0,0"
2026-04-23 00:36:00,14.8,"0,0,0"
2026-04-23 00:42:00,14.8,"0,0,0"
2026-04-23 00:48:00,14.8,"0,0,0"
2026-04-23 00:54:00,14.8,"0,0,0"
2026-04-23 01:00:00,14.8,"0,0,0"
2026-04-23 01:06:00,14.8,"0,0,0"
2026-04-23 01:12:00,14.8,"0,0,0"
2026-04-23 01:18:00,14.8,"0,0,0"
2026-04-23 01:24:00,14.8,"0,0,0"
2026-04-23 01:30:00,14.9,"0,0,0"
2026-04-23 01:36:00,14.9,"0,0,0"
2026-04-23 01:42:00,14.9,"0,0,0"
2026-04-23 01:48:00,14.9,"0,0,0"
2026-04-23 01:54:00,14.9,"0,0,0"
2026-04-23 02:00:00,14.9,"0,0,0"
2026-04-23 02:06:00,15.0,"0,0,0"
2026-04-23 02:12:00,15.0,"0,0,0"
2026-04-23 02:18:00,15.0,"0,0,0"
2026-04-23 02:24:00,15.0,"0,0,0"
2026-04-23 02:30:00,15.1,"0,0,0"
2026-04-23 02:36:00,15.1,"0,0,0"
2026-04-23 02:42:00,15.1,"0,0,0"
2026-04-23 02:48:00,15.1,"0,0,0"
2026-04-23 02:54:00,15.1,"0,0,0"
2026-04-23 03:00:00,15.1,"0,0,0"
2026-04-23 03:06:00,15.2,"0,0,0"
2026-04-23 03:12:00,15.3,"0,0,0"
2026-04-23 03:18:00,15.3,"0,0,0"
2026-04-23 03:24:00,15.4,"0,0,0"
2026-04-23 03:30:00,15.4,"0,0,0"
2026-04-23 03:36:00,15.4,"0,0,0"
2026-04-23 03:42:00,15.4,"0,0,0"
2026-04-23 03:48:00,15.3,"0,0,0"
2026-04-23 03:54:00,15.3,"0,0,0"
2026-04-23 04:00:00,15.3,"0,0,0"
2026-04-23 04:06:00,15.3,"0,0,0"
2026-04-23 04:12:00,15.3,"0,0,0"
2026-04-23 04:18:00,15.3,"0,0,0"
2026-04-23 04:24:00,15.3,"0,0,0"
2026-04-23 04:30:00,15.3,"0,0,0"
2026-04-23 04:36:00,15.3,"0,0,0"
2026-04-23 04:42:00,15.3,"0,0,0"
2026-04-23 04:48:00,15.3,"0,0,0"
2026-04-23 04:54:00,15.3,"0,0,0"
2026-04-23 05:00:00,15.3,"0,0,0"
2026-04-23 05:06:00,15.3,"0,0,0"
2026-04-23 05:12:00,15.3,"0,0,0"
2026-04-23 05:18:00,15.3,"0,0,0"
2026-04-23 05:24:00,15.3,"0,0,0"
2026-04-23 05:30:00,15.2,"0,0,0"
2026-04-23 05:36:00,15.2,"0,0,0"
2026-04-23 05:42:00,15.2,"0,0,0"
2026-04-23 05:48:00,15.2,"0,0,0"
2026-04-23 05:54:00,15.2,"0,0,0"
2026-04-23 06:00:00,15.2,"0,0,0"
2026-04-23 06:06:00,15.2,"0,0,0"
2026-04-23 06:12:00,15.2,"0,0,0"
2026-04-23 06:18:00,15.2,"0,0,0"
2026-04-23 06:24:00,15.2,"0,0,0"
2026-04-23 06:30:00,15.2,"0,0,0"
2026-04-23 06:36:00,15.2,"0,0,0"
2026-04-23 06:42:00,15.2,"0,0,0"
2026-04-23 06:48:00,15.2,"0,0,0"
2026-04-23 06:54:00,15.2,"0,0,0"
2026-04-23 07:00:00,15.2,"0,0,0"
2026-04-23 07:06:00,15.2,"0,0,0"
2026-04-23 07:12:00,15.2,"0,0,0"
2026-04-23 07:18:00,15.2,"0,0,0"
2026-04-23 07:24:00,15.2,"0,0,0"
2026-04-23 07:30:00,15.2,"0,0,0"
2026-04-23 07:36:00,15.2,"0,0,0"
2026-04-23 07:42:00,15.2,"0,0,0"
2026-04-23 07:48:00,15.2,"0,0,0"
2026-04-23 07:54:00,15.2,"0,0,0"
2026-04-23 08:00:00,15.1,"0,0,0"
2026-04-23 08:06:00,15.1,"0,0,0"
2026-04-23 08:12:00,15.1,"0,0,0"
2026-04-23 08:18:00,15.1,"0,0,0"
2026-04-23 08:24:00,15.1,"0,0,0"
2026-04-23 08:30:00,15.1,"0,0,0"
2026-04-23 08:36:00,15.1,"0,0,0"
2026-04-23 08:42:00,15.1,"0,0,0"
2026-04-23 08:48:00,15.1,"0,0,0"
2026-04-23 08:54:00,15.1,"0,0,0"
2026-04-23 09:00:00,15.1,"0,0,0"
2026-04-23 09:06:00,15.1,"0,0,0"
2026-04-23 09:12:00,15.1,"0,0,0"
2026-04-23 09:18:00,15.1,"0,0,0"
2026-04-23 09:24:00,15.1,"0,0,0"
2026-04-23 09:30:00,15.1,"0,0,0"
2026-04-23 09:36:00,15.1,"0,0,0"
2026-04-23 09:42:00,15.1,"0,0,0"
2026-04-23 09:48:00,15.1,"0,0,0"
2026-04-23 09:54:00,15.1,"0,0,0"
2026-04-23 10:00:00,15.0,"0,0,0"
2026-04-23 10:06:00,15.0,"0,0,0"
2026-04-23 10:12:00,15.0,"0,0,0"
2026-04-23 10:18:00,15.0,"0,0,0"
2026-04-23 10:24:00,15.0,"0,0,0"
2026-04-23 10:30:00,15.0,"0,0,0"
2026-04-23 10:36:00,15.0,"0,0,0"
2026-04-23 10:42:00,15.0,"0,0,0"
2026-04-23 10:48:00,15.0,"0,0,0"
2026-04-23 10:54:00,14.9,"0,0,0"
2026-04-23 11:00:00,14.9,"0,0,0"
2026-04-23 11:06:00,14.9,"0,0,0"
2026-04-23 11:12:00,14.9,"0,0,0"
2026-04-23 11:18:00,14.9,"0,0,0"
2026-04-23 11:24:00,14.9,"0,0,0"
2026-04-23 11:30:00,14.9,"0,0,0"
2026-04-23 11:36:00,14.9,"0,0,0"
2026-04-23 11:42:00,14.9,"0,0,0"
2026-04-23 11:48:00,14.9,"0,0,0"
2026-04-23 11:54:00,14.9,"0,0,0"
2026-04-23 12:00:00,14.9,"0,0,0"
2026-04-23 12:06:00,14.9,"0,0,0"
2026-04-23 12:12:00,14.9,"0,0,0"
2026-04-23 12:18:00,14.9,"0,0,0"
2026-04-23 12:24:00,14.9,"0,0,0"
2026-04-23 12:30:00,14.8,"0,0,0"
2026-04-23 12:36:00,14.8,"0,0,0"
2026-04-23 12:42:00,14.8,"0,0,0"
2026-04-23 12:48:00,14.8,"0,0,0"
2026-04-23 12:54:00,14.8,"0,0,0"
2026-04-23 13:00:00,14.8,"0,0,0"
2026-04-23 13:06:00,14.8,"0,0,0"
2026-04-23 13:12:00,14.8,"0,0,0"
2026-04-23 13:18:00,14.8,"0,0,0"
2026-04-23 13:24:00,14.8,"0,0,0"
2026-04-23 13:30:00,14.8,"0,0,0"
2026-04-23 13:36:00,14.8,"0,0,0"
2026-04-23 13:42:00,14.7,"0,0,0"
2026-04-23 13:48:00,14.7,"0,0,0"
2026-04-23 13:54:00,14.7,"0,0,0"
2026-04-23 14:00:00,14.7,"0,0,0"
2026-04-23 14:06:00,14.7,"0,0,0"
2026-04-23 14:12:00,14.7,"0,0,0"
2026-04-23 14:18:00,14.7,"0,0,0"
2026-04-23 14:24:00,14.7,"0,0,0"
2026-04-23 14:30:00,14.7,"0,0,0"
2026-04-23 14:36:00,14.7,"0,0,0"
2026-04-23 14:42:00,14.7,"0,0,0"
2026-04-23 14:48:00,14.7,"0,0,0"
2026-04-23 14:54:00,14.7,"0,0,0"
2026-04-23 15:00:00,14.7,"0,0,0"
2026-04-23 15:06:00,14.7,"0,0,0"
2026-04-23 15:12:00,14.7,"0,0,0"
2026-04-23 15:18:00,14.7,"0,0,0"
2026-04-23 15:24:00,14.7,"0,0,0"
2026-04-23 15:30:00,14.6,"0,0,0"
2026-04-23 15:36:00,14.6,"0,0,0"
2026-04-23 15:42:00,14.6,"0,0,0"
2026-04-23 15:48:00,14.7,"0,0,0"
2026-04-23 15:54:00,14.7,"0,0,0"
2026-04-23 16:00:00,14.7,"0,0,0"
2026-04-23 16:06:00,14.7,"0,0,0"
2026-04-23 16:12:00,14.7,"0,0,0"
2026-04-23 16:18:00,14.7,"0,0,0"
2026-04-23 16:24:00,14.7,"0,0,0"
2026-04-23 16:30:00,14.7,"0,0,0"
2026-04-23 16:36:00,14.7,"0,0,0"
2026-04-23 16:42:00,14.7,"0,0,0"
2026-04-23 16:48:00,14.7,"0,0,0"
2026-04-23 16:54:00,14.7,"0,0,0"
2026-04-23 17:00:00,14.8,"0,0,0"
2026-04-23 17:06:00,14.8,"0,0,0"
2026-04-23 17:12:00,14.8,"0,0,0"
2026-04-23 17:18:00,14.8,"0,0,0"
2026-04-23 17:24:00,14.8,"0,0,0"
2026-04-23 17:30:00,14.9,"0,0,0"
2026-04-23 17:36:00,14.9,"0,0,0"
2026-04-23 17:42:00,14.9,"0,0,0"
2026-04-23 17:48:00,14.9,"0,0,0"
2026-04-23 17:54:00,14.9,"0,0,0"
2026-04-23 18:00:00,15.0,"0,0,0"
2026-04-23 18:06:00,15.0,"0,0,0"
2026-04-23 18:12:00,15.0,"0,0,0"
2026-04-23 18:18:00,15.1,"0,0,0"
2026-04-23 18:24:00,15.1,"0,0,0"
2026-04-23 18:30:00,15.1,"0,0,0"
2026-04-23 18:36:00,15.1,"0,0,0"
2026-04-23 18:42:00,15.2,"0,0,0"
2026-04-23 18:48:00,15.2,"0,0,0"
2026-04-23 18:54:00,15.2,"0,0,0"
2026-04-23 19:00:00,15.3,"0,0,0"
2026-04-23 19:06:00,15.3,"0,0,0"
2026-04-23 19:12:00,15.4,"0,0,0"
2026-04-23 19:18:00,15.4,"0,0,0"
2026-04-23 19:24:00,15.4,"0,0,0"
2026-04-23 19:30:00,15.4,"0,0,0"
2026-04-23 19:36:00,15.4,"0,0,0"
2026-04-23 19:42:00,15.5,"0,0,0"
2026-04-23 19:48:00,15.5,"0,0,0"
2026-04-23 19:54:00,15.5,"0,0,0"
2026-04-23 20:00:00,15.5,"0,0,0"
2026-04-23 20:06:00,15.5,"0,0,0"
2026-04-23 20:12:00,15.5,"0,0,0"
2026-04-23 20:18:00,15.5,"0,0,0"
2026-04-23 20:24:00,15.6,"0,0,0"
2026-04-23 20:30:00,15.6,"0,0,0"
2026-04-23 20:36:00,15.7,"0,0,0"
2026-04-23 20:42:00,15.7,"0,0,0"
2026-04-23 20:48:00,15.8,"0,0,0"
2026-04-23 20:54:00,15.9,"0,0,0"
2026-04-23 21:00:00,16.0,"0,0,0"
2026-04-23 21:06:00,16.0,"0,0,0"
2026-04-23 21:12:00,16.0,"0,0,0"
2026-04-23 21:18:00,16.0,"0,0,0"
2026-04-23 21:24:00,16.0,"0,0,0"
2026-04-23 21:30:00,16.1,"0,0,0"
2026-04-23 21:36:00,16.1,"0,0,0"
2026-04-23 21:42:00,16.1,"0,0,0"
2026-04-23 21:48:00,16.1,"0,0,0"
2026-04-23 21:54:00,16.1,"0,0,0"
2026-04-23 22:00:00,16.1,"0,0,0"
2026-04-23 22:06:00,16.1,"0,0,0"
2026-04-23 22:12:00,16.1,"0,0,0"
2026-04-23 22:18:00,16.2,"0,0,0"
2026-04-23 22:24:00,16.2,"0,0,0"
2026-04-23 22:30:00,16.2,"0,0,0"
2026-04-23 22:36:00,16.2,"0,0,0"
2026-04-23 22:42:00,16.2,"0,0,0"
2026-04-23 22:48:00,16.2,"0,0,0"
2026-04-23 22:54:00,16.2,"0,0,0"
2026-04-23 23:00:00,16.2,"0,0,0"
2026-04-23 23:06:00,16.3,"0,0,0"
2026-04-23 23:12:00,16.3,"0,0,0"
2026-04-23 23:18:00,16.2,"0,0,0"
2026-04-23 23:24:00,16.2,"0,0,0"
2026-04-23 23:30:00,16.2,"0,0,0"
2026-04-23 23:36:00,16.2,"0,0,0"
2026-04-23 23:42:00,16.3,"0,0,0"
2026-04-23 23:48:00,16.2,"0,0,0"
2026-04-23 23:54:00,16.2,"0,0,0"
2026-04-24 00:00:00,16.3,"0,0,0"
2026-04-24 00:06:00,16.3,"0,0,0"
2026-04-24 00:12:00,16.4,"0,0,0"
2026-04-24 00:18:00,16.4,"0,0,0"
2026-04-24 00:24:00,16.4,"0,0,0"
2026-04-24 00:30:00,16.4,"0,0,0"
2026-04-24 00:36:00,16.4,"0,0,0"
2026-04-24 00:42:00,16.4,"0,0,0"
2026-04-24 00:48:00,16.4,"0,0,0"
2026-04-24 00:54:00,16.5,"0,0,0"
2026-04-24 01:00:00,16.5,"0,0,0"
2026-04-24 01:06:00,16.5,"0,0,0"
2026-04-24 01:12:00,16.5,"0,0,0"
2026-04-24 01:18:00,16.5,"0,0,0"
2026-04-24 01:24:00,16.5,"0,0,0"
2026-04-24 01:30:00,16.5,"0,0,0"
2026-04-24 01:36:00,16.5,"0,0,0"
2026-04-24 01:42:00,16.5,"0,0,0"
2026-04-24 01:48:00,16.5,"0,0,0"
2026-04-24 01:54:00,16.5,"0,0,0"
2026-04-24 02:00:00,16.5,"0,0,0"
2026-04-24 02:06:00,16.5,"0,0,0"
2026-04-24 02:12:00,16.5,"0,0,0"
2026-04-24 02:18:00,16.5,"0,0,0"
2026-04-24 02:24:00,16.5,"0,0,0"
2026-04-24 02:30:00,16.5,"0,0,0"
2026-04-24 02:36:00,16.5,"0,0,0"
2026-04-24 02:42:00,16.4,"0,0,0"
2026-04-24 02:48:00,16.4,"0,0,0"
2026-04-24 02:54:00,16.4,"0,0,0"
2026-04-24 03:00:00,16.4,"0,0,0"
2026-04-24 03:06:00,16.3,"0,0,0"
2026-04-24 03:12:00,16.3,"0,0,0"
2026-04-24 03:18:00,16.3,"0,0,0"
2026-04-24 03:24:00,16.3,"0,0,0"
2026-04-24 03:30:00,16.3,"0,0,0"
2026-04-24 03:36:00,16.2,"0,0,0"
2026-04-24 03:42:00,16.2,"0,0,0"
2026-04-24 03:48:00,16.2,"0,0,0"
2026-04-24 03:54:00,16.2,"0,0,0"
2026-04-24 04:00:00,16.2,"0,0,0"
2026-04-24 04:06:00,16.2,"0,0,0"
2026-04-24 04:12:00,16.2,"0,0,0"
2026-04-24 04:18:00,16.1,"0,0,0"
2026-04-24 04:24:00,16.1,"0,0,0"
2026-04-24 04:30:00,16.1,"0,0,0"
2026-04-24 04:36:00,16.1,"0,0,0"
2026-04-24 04:42:00,16.1,"0,0,0"
2026-04-24 04:48:00,16.1,"0,0,0"
2026-04-24 04:54:00,16.1,"0,0,0"
2026-04-24 05:00:00,16.1,"0,0,0"
2026-04-24 05:06:00,16.1,"0,0,0"
2026-04-24 05:12:00,16.0,"0,0,0"
2026-04-24 05:18:00,16.0,"0,0,0"
2026-04-24 05:24:00,16.0,"0,0,0"
2026-04-24 05:30:00,16.0,"0,0,0"
2026-04-24 05:36:00,16.0,"0,0,0"
2026-04-24 05:42:00,16.0,"0,0,0"
2026-04-24 05:48:00,16.0,"0,0,0"
2026-04-24 05:54:00,16.0,"0,0,0"
2026-04-24 06:00:00,15.9,"0,0,0"
2026-04-24 06:06:00,15.9,"0,0,0"
2026-04-24 06:12:00,15.8,"0,0,0"
2026-04-24 06:18:00,15.8,"0,0,0"
2026-04-24 06:24:00,15.8,"0,0,0"
2026-04-24 06:30:00,15.8,"0,0,0"
2026-04-24 06:36:00,15.8,"0,0,0"
2026-04-24 06:42:00,15.8,"0,0,0"
2026-04-24 06:48:00,15.8,"0,0,0"
2026-04-24 06:54:00,15.8,"0,0,0"
2026-04-24 07:00:00,15.8,"0,0,0"
2026-04-24 07:06:00,15.7,"0,0,0"
2026-04-24 07:12:00,15.7,"0,0,0"
2026-04-24 07:18:00,15.7,"0,0,0"
2026-04-24 07:24:00,15.7,"0,0,0"
2026-04-24 07:30:00,15.7,"0,0,0"
2026-04-24 07:36:00,15.7,"0,0,0"
2026-04-24 07:42:00,15.6,"0,0,0"
2026-04-24 07:48:00,15.6,"0,0,0"
2026-04-24 07:54:00,15.5,"0,0,0"
2026-04-24 08:00:00,15.5,"0,0,0"
2026-04-24 08:06:00,15.4,"0,0,0"
2026-04-24 08:12:00,15.4,"0,0,0"
2026-04-24 08:18:00,15.4,"0,0,0"
2026-04-24 08:24:00,15.3,"0,0,0"
2026-04-24 08:30:00,15.2,"0,0,0"
2026-04-24 08:36:00,15.1,"0,0,0"
2026-04-24 08:42:00,15.1,"0,0,0"
2026-04-24 08:48:00,15.1,"0,0,0"
2026-04-24 08:54:00,15.0,"0,0,0"
2026-04-24 09:00:00,15.0,"0,0,0"
2026-04-24 09:06:00,15.0,"0,0,0"
2026-04-24 09:12:00,15.0,"0,0,0"
2026-04-24 09:18:00,15.0,"0,0,0"
2026-04-24 09:24:00,15.0,"0,0,0"
2026-04-24 09:30:00,15.0,"0,0,0"
2026-04-24 09:36:00,14.9,"0,0,0"
2026-04-24 09:42:00,14.9,"0,0,0"
2026-04-24 09:48:00,14.9,"0,0,0"
2026-04-24 09:54:00,14.9,"0,0,0"
2026-04-24 10:00:00,14.9,"0,0,0"
2026-04-24 10:06:00,14.9,"0,0,0"
2026-04-24 10:12:00,14.9,"0,0,0"
2026-04-24 10:18:00,14.9,"0,0,0"
2026-04-24 10:24:00,14.9,"0,0,0"
2026-04-24 10:30:00,14.9,"0,0,0"
2026-04-24 10:36:00,14.9,"0,0,0"
2026-04-24 10:42:00,14.9,"0,0,0"
2026-04-24 10:48:00,14.9,"0,0,0"
2026-04-24 10:54:00,14.9,"0,0,0"
2026-04-24 11:00:00,14.9,"0,0,0"
2026-04-24 11:06:00,14.9,"0,0,0"
2026-04-24 11:12:00,14.9,"0,0,0"
2026-04-24 11:18:00,14.9,"0,0,0"
2026-04-24 11:24:00,14.9,"0,0,0"
2026-04-24 11:30:00,14.9,"0,0,0"
2026-04-24 11:36:00,14.8,"0,0,0"
2026-04-24 11:42:00,14.8,"0,0,0"
2026-04-24 11:48:00,14.8,"0,0,0"
2026-04-24 11:54:00,14.8,"0,0,0"
2026-04-24 12:00:00,14.8,"0,0,0"
2026-04-24 12:06:00,14.8,"0,0,0"
2026-04-24 12:12:00,14.7,"0,0,0"
2026-04-24 12:18:00,14.6,"0,0,0"
2026-04-24 12:24:00,14.5,"0,0,0"
2026-04-24 12:30:00,14.5,"0,0,0"
2026-04-24 12:36:00,14.5,"0,0,0"
2026-04-24 12:42:00,14.5,"0,0,0"
2026-04-24 12:48:00,14.5,"0,0,0"
2026-04-24 12:54:00,14.4,"0,0,0"
2026-04-24 13:00:00,14.4,"0,0,0"
2026-04-24 13:06:00,14.3,"0,0,0"
2026-04-24 13:12:00,14.3,"0,0,0"
2026-04-24 13:18:00,14.3,"0,0,0"
2026-04-24 13:24:00,14.2,"0,0,0"
2026-04-24 13:30:00,14.2,"0,0,0"
2026-04-24 13:36:00,14.2,"0,0,0"
2026-04-24 13:42:00,14.1,"0,0,0"
2026-04-24 13:48:00,14.1,"0,0,0"
2026-04-24 13:54:00,14.1,"0,0,0"
2026-04-24 14:00:00,14.1,"0,0,0"
2026-04-24 14:06:00,14.1,"0,0,0"
2026-04-24 14:12:00,14.1,"0,0,0"
2026-04-24 14:18:00,14.1,"0,0,0"
2026-04-24 14:24:00,14.1,"0,0,0"
2026-04-24 14:30:00,14.1,"0,0,0"
2026-04-24 14:36:00,14.1,"0,0,0"
2026-04-24 14:42:00,14.1,"0,0,0"
2026-04-24 14:48:00,14.1,"0,0,0"
2026-04-24 14:54:00,14.1,"0,0,0"
2026-04-24 15:00:00,14.0,"0,0,0"
2026-04-24 15:06:00,14.0,"0,0,0"
2026-04-24 15:12:00,14.0,"0,0,0"
2026-04-24 15:18:00,14.0,"0,0,0"
2026-04-24 15:24:00,14.0,"0,0,0"
2026-04-24 15:30:00,14.0,"0,0,0"
2026-04-24 15:36:00,14.0,"0,0,0"
2026-04-24 15:42:00,14.0,"0,0,0"
2026-04-24 15:48:00,14.0,"0,0,0"
2026-04-24 15:54:00,13.9,"0,0,0"
2026-04-24 16:00:00,13.9,"0,0,0"
2026-04-24 16:06:00,13.9,"0,0,0"
2026-04-24 16:12:00,14.0,"0,0,0"
2026-04-24 16:18:00,14.0,"0,0,0"
2026-04-24 16:24:00,14.0,"0,0,0"
2026-04-24 16:30:00,14.0,"0,0,0"
2026-04-24 16:36:00,13.9,"0,0,0"
2026-04-24 16:42:00,13.9,"0,0,0"
2026-04-24 16:48:00,13.9,"0,0,0"
2026-04-24 16:54:00,13.9,"0,0,0"
2026-04-24 17:00:00,13.9,"0,0,0"
2026-04-24 17:06:00,13.9,"0,0,0"
2026-04-24 17:12:00,14.0,"0,0,0"
2026-04-24 17:18:00,14.0,"0,0,0"
2026-04-24 17:24:00,14.0,"0,0,0"
2026-04-24 17:30:00,13.9,"0,0,0"
2026-04-24 17:36:00,13.9,"0,0,0"
2026-04-24 17:42:00,13.9,"0,0,0"
2026-04-24 17:48:00,13.9,"0,0,0"
2026-04-24 17:54:00,13.9,"0,0,0"
2026-04-24 18:00:00,13.9,"0,0,0"
2026-04-24 18:06:00,14.0,"0,0,0"
2026-04-24 18:12:00,14.0,"0,0,0"
2026-04-24 18:18:00,14.0,"0,0,0"
2026-04-24 18:24:00,14.1,"0,0,0"
2026-04-24 18:30:00,14.1,"0,0,0"
2026-04-24 18:36:00,14.2,"0,0,0"
2026-04-24 18:42:00,14.2,"0,0,0"
2026-04-24 18:48:00,14.2,"0,0,0"
2026-04-24 18:54:00,14.2,"0,0,0"
2026-04-24 19:00:00,14.1,"0,0,0"
2026-04-24 19:06:00,14.1,"0,0,0"
2026-04-24 19:12:00,14.1,"0,0,0"
2026-04-24 19:18:00,14.1,"0,0,0"
2026-04-24 19:24:00,14.1,"0,0,0"
2026-04-24 19:30:00,14.1,"0,0,0"
2026-04-24 19:36:00,14.2,"0,0,0"
2026-04-24 19:42:00,14.1,"0,0,0"
2026-04-24 19:48:00,14.1,"0,0,0"
2026-04-24 19:54:00,14.1,"0,0,0"
2026-04-24 20:00:00,14.1,"0,0,0"
2026-04-24 20:06:00,14.1,"0,0,0"
2026-04-24 20:12:00,14.1,"0,0,0"
2026-04-24 20:18:00,14.2,"0,0,0"
2026-04-24 20:24:00,14.2,"0,0,0"
2026-04-24 20:30:00,14.2,"0,0,0"
2026-04-24 20:36:00,14.2,"0,0,0"
2026-04-24 20:42:00,14.2,"0,0,0"
2026-04-24 20:48:00,14.3,"0,0,0"
2026-04-24 20:54:00,14.3,"0,0,0"
2026-04-24 21:00:00,14.3,"0,0,0"
2026-04-24 21:06:00,14.3,"0,0,0"
2026-04-24 21:12:00,14.3,"0,0,0"
2026-04-24 21:18:00,14.3,"0,0,0"
2026-04-24 21:24:00,14.3,"0,0,0"
2026-04-24 21:30:00,14.3,"0,0,0"
2026-04-24 21:36:00,14.4,"0,0,0"
2026-04-24 21:42:00,14.4,"0,0,0"
2026-04-24 21:48:00,14.4,"0,0,0"
2026-04-24 21:54:00,14.5,"0,0,0"
2026-04-24 22:00:00,14.5,"0,0,0"
2026-04-24 22:06:00,14.5,"0,0,0"
2026-04-24 22:12:00,14.5,"0,0,0"
2026-04-24 22:18:00,14.6,"0,0,0"
2026-04-24 22:24:00,14.6,"0,0,0"
2026-04-24 22:30:00,14.7,"0,0,0"
2026-04-24 22:36:00,14.7,"0,0,0"
2026-04-24 22:42:00,14.7,"0,0,0"
2026-04-24 22:48:00,14.7,"0,0,0"
2026-04-24 22:54:00,14.7,"0,0,0"
2026-04-24 23:00:00,14.6,"0,0,0"
2026-04-24 23:06:00,14.5,"0,0,0"
2026-04-24 23:12:00,14.5,"0,0,0"
2026-04-24 23:18:00,14.5,"0,0,0"
2026-04-24 23:24:00,14.3,"0,0,0"
2026-04-24 23:30:00,14.2,"0,0,0"
2026-04-24 23:36:00,14.2,"0,0,0"
2026-04-24 23:42:00,14.2,"0,0,0"
2026-04-24 23:48:00,14.2,"0,0,0"
2026-04-24 23:54:00,14.2,"0,0,0"
2026-04-25 00:00:00,14.2,"0,0,0"
2026-04-25 00:06:00,14.2,"0,0,0"
2026-04-25 00:12:00,14.2,"0,0,0"
2026-04-25 00:18:00,14.3,"0,0,0"
2026-04-25 00:24:00,14.4,"0,0,0"
2026-04-25 00:30:00,14.5,"0,0,0"
2026-04-25 00:36:00,14.6,"0,0,0"
2026-04-25 00:42:00,14.5,"0,0,0"
2026-04-25 00:48:00,14.4,"0,0,0"
2026-04-25 00:54:00,14.3,"0,0,0"
2026-04-25 01:00:00,14.2,"0,0,0"
2026-04-25 01:06:00,14.2,"0,0,0"
2026-04-25 01:12:00,14.5,"0,0,0"
2026-04-25 01:18:00,14.5,"0,0,0"
2026-04-25 01:24:00,14.4,"0,0,0"
2026-04-25 01:30:00,14.4,"0,0,0"
2026-04-25 01:36:00,14.4,"0,0,0"
2026-04-25 01:42:00,14.4,"0,0,0"
2026-04-25 01:48:00,14.4,"0,0,0"
2026-04-25 01:54:00,14.4,"0,0,0"
2026-04-25 02:00:00,14.4,"0,0,0"
2026-04-25 02:06:00,14.3,"0,0,0"
2026-04-25 02:12:00,14.2,"0,0,0"
2026-04-25 02:18:00,14.3,"0,0,0"
2026-04-25 02:24:00,14.6,"0,0,0"
2026-04-25 02:30:00,14.7,"0,0,0"
2026-04-25 02:36:00,14.8,"0,0,0"
2026-04-25 02:42:00,14.9,"0,0,0"
2026-04-25 02:48:00,14.9,"0,0,0"
2026-04-25 02:54:00,14.9,"0,0,0"
2026-04-25 03:00:00,14.9,"0,0,0"
2026-04-25 03:06:00,15.0,"0,0,0"
2026-04-25 03:12:00,14.9,"0,0,0"
2026-04-25 03:18:00,14.9,"0,0,0"
2026-04-25 03:24:00,14.9,"0,0,0"
2026-04-25 03:30:00,14.9,"0,0,0"
2026-04-25 03:36:00,14.9,"0,0,0"
2026-04-25 03:42:00,14.8,"0,0,0"
2026-04-25 03:48:00,14.8,"0,0,0"
2026-04-25 03:54:00,14.8,"0,0,0"
2026-04-25 04:00:00,14.8,"0,0,0"
2026-04-25 04:06:00,14.8,"0,0,0"
2026-04-25 04:12:00,14.8,"0,0,0"
2026-04-25 04:18:00,14.8,"0,0,0"
2026-04-25 04:24:00,14.7,"0,0,0"
2026-04-25 04:30:00,14.5,"0,0,0"
2026-04-25 04:36:00,14.2,"0,0,0"
2026-04-25 04:42:00,14.1,"0,0,0"
2026-04-25 04:48:00,13.9,"0,0,0"
2026-04-25 04:54:00,13.9,"0,0,0"
2026-04-25 05:00:00,13.9,"0,0,0"
2026-04-25 05:06:00,13.9,"0,0,0"
2026-04-25 05:12:00,13.9,"0,0,0"
2026-04-25 05:18:00,14.0,"0,0,0"
2026-04-25 05:24:00,13.9,"0,0,0"
2026-04-25 05:30:00,13.9,"0,0,0"
2026-04-25 05:36:00,13.9,"0,0,0"
2026-04-25 05:42:00,13.9,"0,0,0"
2026-04-25 05:48:00,13.9,"0,0,0"
2026-04-25 05:54:00,13.8,"0,0,0"
2026-04-25 06:00:00,13.7,"0,0,0"
2026-04-25 06:06:00,13.6,"0,0,0"
2026-04-25 06:12:00,13.6,"0,0,0"
2026-04-25 06:18:00,13.6,"0,0,0"
2026-04-25 06:24:00,13.7,"0,0,0"
2026-04-25 06:30:00,13.7,"0,0,0"
2026-04-25 06:36:00,13.7,"0,0,0"
2026-04-25 06:42:00,13.7,"0,0,0"
2026-04-25 06:48:00,13.7,"0,0,0"
2026-04-25 06:54:00,13.7,"0,0,0"
2026-04-25 07:00:00,13.7,"0,0,0"
2026-04-25 07:06:00,13.7,"0,0,0"
2026-04-25 07:12:00,13.7,"0,0,0"
2026-04-25 07:18:00,13.7,"0,0,0"
2026-04-25 07:24:00,13.7,"0,0,0"
2026-04-25 07:30:00,13.7,"0,0,0"
2026-04-25 07:36:00,13.7,"0,0,0"
2026-04-25 07:42:00,13.7,"0,0,0"
2026-04-25 07:48:00,13.7,"0,0,0"
2026-04-25 07:54:00,13.7,"0,0,0"
2026-04-25 08:00:00,13.7,"0,0,0"
2026-04-25 08:06:00,13.7,"0,0,0"
2026-04-25 08:12:00,13.7,"0,0,0"
2026-04-25 08:18:00,13.7,"0,0,0"
2026-04-25 08:24:00,13.7,"0,0,0"
2026-04-25 08:30:00,13.7,"0,0,0"
2026-04-25 08:36:00,13.7,"0,0,0"
2026-04-25 08:42:00,13.7,"0,0,0"
2026-04-25 08:48:00,13.7,"0,0,0"
2026-04-25 08:54:00,13.7,"0,0,0"
2026-04-25 09:00:00,13.7,"0,0,0"
2026-04-25 09:06:00,13.7,"0,0,0"
2026-04-25 09:12:00,13.7,"0,0,0"
2026-04-25 09:18:00,13.7,"0,0,0"
2026-04-25 09:24:00,13.7,"0,0,0"
2026-04-25 09:30:00,13.7,"0,0,0"
2026-04-25 09:36:00,13.7,"0,0,0"
2026-04-25 09:42:00,13.7,"0,0,0"
2026-04-25 09:48:00,13.7,"0,0,0"
2026-04-25 09:54:00,13.7,"0,0,0"
2026-04-25 10:00:00,13.7,"0,0,0"
2026-04-25 10:06:00,13.7,"0,0,0"
2026-04-25 10:12:00,13.7,"0,0,0"
2026-04-25 10:18:00,13.7,"0,0,0"
2026-04-25 10:24:00,13.7,"0,0,0"
2026-04-25 10:30:00,13.7,"0,0,0"
2026-04-25 10:36:00,13.7,"0,0,0"
2026-04-25 10:42:00,13.7,"0,0,0"
2026-04-25 10:48:00,13.7,"0,0,0"
2026-04-25 10:54:00,13.7,"0,0,0"
2026-04-25 11:00:00,13.6,"0,0,0"
2026-04-25 11:06:00,13.7,"0,0,0"
2026-04-25 11:12:00,13.6,"0,0,0"
2026-04-25 11:18:00,13.6,"0,0,0"
2026-04-25 11:24:00,13.6,"0,0,0"
2026-04-25 11:30:00,13.6,"0,0,0"
2026-04-25 11:36:00,13.6,"0,0,0"
2026-04-25 11:42:00,13.6,"0,0,0"
2026-04-25 11:48:00,13.6,"0,0,0"
2026-04-25 11:54:00,13.6,"0,0,0"
2026-04-25 12:00:00,13.6,"0,0,0"
2026-04-25 12:06:00,13.6,"0,0,0"
2026-04-25 12:12:00,13.6,"0,0,0"
2026-04-25 12:18:00,13.6,"0,0,0"
2026-04-25 12:24:00,13.6,"0,0,0"
2026-04-25 12:30:00,13.6,"0,0,0"
2026-04-25 12:36:00,13.6,"0,0,0"
2026-04-25 12:42:00,13.6,"0,0,0"
2026-04-25 12:48:00,13.6,"0,0,0"
2026-04-25 12:54:00,13.6,"0,0,0"
2026-04-25 13:00:00,13.6,"0,0,0"
2026-04-25 13:06:00,13.6,"0,0,0"
2026-04-25 13:12:00,13.6,"0,0,0"
2026-04-25 13:18:00,13.6,"0,0,0"
2026-04-25 13:24:00,13.6,"0,0,0"
2026-04-25 13:30:00,13.6,"0,0,0"
2026-04-25 13:36:00,13.6,"0,0,0"
2026-04-25 13:42:00,13.5,"0,0,0"
2026-04-25 13:48:00,13.5,"0,0,0"
2026-04-25 13:54:00,13.5,"0,0,0"
2026-04-25 14:00:00,13.5,"0,0,0"
2026-04-25 14:06:00,13.5,"0,0,0"
2026-04-25 14:12:00,13.5,"0,0,0"
2026-04-25 14:18:00,13.5,"0,0,0"
2026-04-25 14:24:00,13.5,"0,0,0"
2026-04-25 14:30:00,13.5,"0,0,0"
2026-04-25 14:36:00,13.5,"0,0,0"
2026-04-25 14:42:00,13.5,"0,0,0"
2026-04-25 14:48:00,13.5,"0,0,0"
2026-04-25 14:54:00,13.5,"0,0,0"
2026-04-25 15:00:00,13.5,"0,0,0"
2026-04-25 15:06:00,13.5,"0,0,0"
2026-04-25 15:12:00,13.5,"0,0,0"
2026-04-25 15:18:00,13.5,"0,0,0"
2026-04-25 15:24:00,13.5,"0,0,0"
2026-04-25 15:30:00,13.5,"0,0,0"
2026-04-25 15:36:00,13.5,"0,0,0"
2026-04-25 15:42:00,13.5,"0,0,0"
2026-04-25 15:48:00,13.5,"0,0,0"
2026-04-25 15:54:00,13.4,"0,0,0"
2026-04-25 16:00:00,13.4,"0,0,0"
2026-04-25 16:06:00,13.4,"0,0,0"
2026-04-25 16:12:00,13.5,"0,0,0"
2026-04-25 16:18:00,13.5,"0,0,0"
2026-04-25 16:24:00,13.5,"0,0,0"
2026-04-25 16:30:00,13.5,"0,0,0"
2026-04-25 16:36:00,13.5,"0,0,0"
2026-04-25 16:42:00,13.5,"0,0,0"
2026-04-25 16:48:00,13.5,"0,0,0"
2026-04-25 16:54:00,13.5,"0,0,0"
2026-04-25 17:00:00,13.5,"0,0,0"
2026-04-25 17:06:00,13.5,"0,0,0"
2026-04-25 17:12:00,13.5,"0,0,0"
2026-04-25 17:18:00,13.5,"0,0,0"
2026-04-25 17:24:00,13.5,"0,0,0"
2026-04-25 17:30:00,13.5,"0,0,0"
2026-04-25 17:36:00,13.5,"0,0,0"
2026-04-25 17:42:00,13.5,"0,0,0"
2026-04-25 17:48:00,13.5,"0,0,0"
2026-04-25 17:54:00,13.5,"0,0,0"
2026-04-25 18:00:00,13.5,"0,0,0"
2026-04-25 18:06:00,13.5,"0,0,0"
2026-04-25 18:12:00,13.5,"0,0,0"
2026-04-25 18:18:00,13.5,"0,0,0"
2026-04-25 18:24:00,13.5,"0,0,0"
2026-04-25 18:30:00,13.5,"0,0,0"
2026-04-25 18:36:00,13.5,"0,0,0"
2026-04-25 18:42:00,13.5,"0,0,0"
2026-04-25 18:48:00,13.5,"0,0,0"
2026-04-25 18:54:00,13.5,"0,0,0"
2026-04-25 19:00:00,13.5,"0,0,0"
2026-04-25 19:06:00,13.5,"0,0,0"
2026-04-25 19:12:00,13.5,"0,0,0"
2026-04-25 19:18:00,13.5,"0,0,0"
2026-04-25 19:24:00,13.5,"0,0,0"
2026-04-25 19:30:00,13.5,"0,0,0"
2026-04-25 19:36:00,13.6,"0,0,0"
2026-04-25 19:42:00,13.6,"0,0,0"
2026-04-25 19:48:00,13.6,"0,0,0"
2026-04-25 19:54:00,13.6,"0,0,0"
2026-04-25 20:00:00,13.6,"0,0,0"
2026-04-25 20:06:00,13.6,"0,0,0"
2026-04-25 20:12:00,13.6,"0,0,0"
2026-04-25 20:18:00,13.6,"0,0,0"
2026-04-25 20:24:00,13.6,"0,0,0"
2026-04-25 20:30:00,13.6,"0,0,0"
2026-04-25 20:36:00,13.6,"0,0,0"
2026-04-25 20:42:00,13.6,"0,0,0"
2026-04-25 20:48:00,13.6,"0,0,0"
2026-04-25 20:54:00,13.6,"0,0,0"
2026-04-25 21:00:00,13.6,"0,0,0"
2026-04-25 21:06:00,13.6,"0,0,0"
2026-04-25 21:12:00,13.6,"0,0,0"
2026-04-25 21:18:00,13.6,"0,0,0"
2026-04-25 21:24:00,13.6,"0,0,0"
2026-04-25 21:30:00,13.6,"0,0,0"
2026-04-25 21:36:00,13.6,"0,0,0"
2026-04-25 21:42:00,13.6,"0,0,0"
2026-04-25 21:48:00,13.6,"0,0,0"
2026-04-25 21:54:00,13.6,"0,0,0"
2026-04-25 22:00:00,13.6,"0,0,0"
2026-04-25 22:06:00,13.6,"0,0,0"
2026-04-25 22:12:00,13.6,"0,0,0"
2026-04-25 22:18:00,13.6,"0,0,0"
2026-04-25 22:24:00,13.5,"0,0,0"
2026-04-25 22:30:00,13.5,"0,0,0"
2026-04-25 22:36:00,13.5,"0,0,0"
2026-04-25 22:42:00,13.5,"0,0,0"
2026-04-25 22:48:00,13.5,"0,0,0"
2026-04-25 22:54:00,13.5,"0,0,0"
2026-04-25 23:00:00,13.5,"0,0,0"
2026-04-25 23:06:00,13.5,"0,0,0"
2026-04-25 23:12:00,13.4,"0,0,0"
2026-04-25 23:18:00,13.4,"0,0,0"
2026-04-25 23:24:00,13.4,"0,0,0"
2026-04-25 23:30:00,13.4,"0,0,0"
2026-04-25 23:36:00,13.4,"0,0,0"
2026-04-25 23:42:00,13.4,"0,0,0"
2026-04-25 23:48:00,13.4,"0,0,0"
2026-04-25 23:54:00,13.4,"0,0,0"
2026-04-26 00:00:00,13.3,"0,0,0"
2026-04-26 00:06:00,13.3,"0,0,0"
2026-04-26 00:12:00,13.3,"0,0,0"
2026-04-26 00:18:00,13.3,"0,0,0"
2026-04-26 00:24:00,13.3,"0,0,0"
2026-04-26 00:30:00,13.3,"0,0,0"
2026-04-26 00:36:00,13.3,"0,0,0"
2026-04-26 00:42:00,13.3,"0,0,0"
2026-04-26 00:48:00,13.3,"0,0,0"
2026-04-26 00:54:00,13.3,"0,0,0"
2026-04-26 01:00:00,13.2,"0,0,0"
2026-04-26 01:06:00,13.2,"0,0,0"
2026-04-26 01:12:00,13.2,"0,0,0"
2026-04-26 01:18:00,13.2,"0,0,0"
2026-04-26 01:24:00,13.2,"0,0,0"
2026-04-26 01:30:00,13.2,"0,0,0"
2026-04-26 01:36:00,13.3,"0,0,0"
2026-04-26 01:42:00,13.3,"0,0,0"
2026-04-26 01:48:00,13.3,"0,0,0"
2026-04-26 01:54:00,13.4,"0,0,0"
2026-04-26 02:00:00,13.4,"0,0,0"
2026-04-26 02:06:00,13.4,"0,0,0"
2026-04-26 02:12:00,13.3,"0,0,0"
2026-04-26 02:18:00,13.3,"0,0,0"
2026-04-26 02:24:00,13.3,"0,0,0"
2026-04-26 02:30:00,13.3,"0,0,0"
2026-04-26 02:36:00,13.2,"0,0,0"
2026-04-26 02:42:00,13.2,"0,0,0"
2026-04-26 02:48:00,13.2,"0,0,0"
2026-04-26 02:54:00,13.2,"0,0,0"
2026-04-26 03:00:00,13.2,"0,0,0"
2026-04-26 03:06:00,13.2,"0,0,0"
2026-04-26 03:12:00,13.2,"0,0,0"
2026-04-26 03:18:00,13.2,"0,0,0"
2026-04-26 03:24:00,13.2,"0,0,0"
2026-04-26 03:30:00,13.2,"0,0,0"
2026-04-26 03:36:00,13.2,"0,0,0"
2026-04-26 03:42:00,13.2,"0,0,0"
2026-04-26 03:48:00,13.2,"0,0,0"
2026-04-26 03:54:00,13.1,"0,0,0"
2026-04-26 04:00:00,13.1,"0,0,0"
2026-04-26 04:06:00,13.1,"0,0,0"
2026-04-26 04:12:00,13.1,"0,0,0"
2026-04-26 04:18:00,13.1,"0,0,0"
2026-04-26 04:24:00,13.1,"0,0,0"
2026-04-26 04:30:00,13.1,"0,0,0"
2026-04-26 04:36:00,13.1,"0,0,0"
2026-04-26 04:42:00,13.1,"0,0,0"
2026-04-26 04:48:00,13.1,"0,0,0"
2026-04-26 04:54:00,13.1,"0,0,0"
2026-04-26 05:00:00,13.1,"0,0,0"
2026-04-26 05:06:00,13.2,"0,0,0"
2026-04-26 05:12:00,13.2,"0,0,0"
2026-04-26 05:18:00,13.2,"0,0,0"
2026-04-26 05:24:00,13.2,"0,0,0"
2026-04-26 05:30:00,13.2,"0,0,0"
2026-04-26 05:36:00,13.2,"0,0,0"
2026-04-26 05:42:00,13.1,"0,0,0"
2026-04-26 05:48:00,13.1,"0,0,0"
2026-04-26 05:54:00,13.1,"0,0,0"
2026-04-26 06:00:00,13.2,"0,0,0"
2026-04-26 06:06:00,13.1,"0,0,0"
2026-04-26 06:12:00,13.1,"0,0,0"
2026-04-26 06:18:00,13.1,"0,0,0"
2026-04-26 06:24:00,13.1,"0,0,0"
2026-04-26 06:30:00,13.1,"0,0,0"
2026-04-26 06:36:00,13.1,"0,0,0"
2026-04-26 06:42:00,13.1,"0,0,0"
2026-04-26 06:48:00,13.1,"0,0,0"
2026-04-26 06:54:00,13.1,"0,0,0"
2026-04-26 07:00:00,13.1,"0,0,0"
2026-04-26 07:06:00,13.1,"0,0,0"
2026-04-26 07:12:00,13.1,"0,0,0"
2026-04-26 07:18:00,13.1,"0,0,0"
2026-04-26 07:24:00,13.1,"0,0,0"
2026-04-26 07:30:00,13.1,"0,0,0"
2026-04-26 07:36:00,13.1,"0,0,0"
2026-04-26 07:42:00,13.1,"0,0,0"
2026-04-26 07:48:00,13.1,"0,0,0"
2026-04-26 07:54:00,13.0,"0,0,0"
2026-04-26 08:00:00,13.1,"0,0,0"
2026-04-26 08:06:00,13.0,"0,0,0"
2026-04-26 08:12:00,13.0,"0,0,0"
2026-04-26 08:18:00,13.0,"0,0,0"
2026-04-26 08:24:00,13.0,"0,0,0"
2026-04-26 08:30:00,13.0,"0,0,0"
2026-04-26 08:36:00,13.0,"0,0,0"
2026-04-26 08:42:00,13.0,"0,0,0"
2026-04-26 08:48:00,13.0,"0,0,0"
2026-04-26 08:54:00,13.0,"0,0,0"
2026-04-26 09:00:00,13.0,"0,0,0"
2026-04-26 09:06:00,13.0,"0,0,0"
2026-04-26 09:12:00,13.0,"0,0,0"
2026-04-26 09:18:00,13.0,"0,0,0"
2026-04-26 09:24:00,13.0,"0,0,0"
2026-04-26 09:30:00,13.0,"0,0,0"
2026-04-26 09:36:00,13.0,"0,0,0"
2026-04-26 09:42:00,13.0,"0,0,0"
2026-04-26 09:48:00,13.0,"0,0,0"
2026-04-26 09:54:00,13.0,"0,0,0"
2026-04-26 10:00:00,13.0,"0,0,0"
2026-04-26 10:06:00,13.0,"0,0,0"
2026-04-26 10:12:00,13.0,"0,0,0"
2026-04-26 10:18:00,13.0,"0,0,0"
2026-04-26 10:24:00,13.0,"0,0,0"
2026-04-26 10:30:00,13.0,"0,0,0"
2026-04-26 10:36:00,13.0,"0,0,0"
2026-04-26 10:42:00,13.0,"0,0,0"
2026-04-26 10:48:00,13.0,"0,0,0"
2026-04-26 10:54:00,13.0,"0,0,0"
2026-04-26 11:00:00,13.0,"0,0,0"
2026-04-26 11:06:00,13.0,"0,0,0"
2026-04-26 11:12:00,13.0,"0,0,0"
2026-04-26 11:18:00,13.0,"0,0,0"
2026-04-26 11:24:00,13.0,"0,0,0"
2026-04-26 11:30:00,13.0,"0,0,0"
2026-04-26 11:36:00,13.0,"0,0,0"
2026-04-26 11:42:00,13.0,"0,0,0"
2026-04-26 11:48:00,13.0,"0,0,0"
2026-04-26 11:54:00,13.0,"0,0,0"
2026-04-26 12:00:00,13.0,"0,0,0"
2026-04-26 12:06:00,13.0,"0,0,0"
2026-04-26 12:12:00,13.1,"0,0,0"
2026-04-26 12:18:00,13.1,"0,0,0"
2026-04-26 12:24:00,13.1,"0,0,0"
2026-04-26 12:30:00,13.1,"0,0,0"
2026-04-26 12:36:00,13.1,"0,0,0"
2026-04-26 12:42:00,13.1,"0,0,0"
2026-04-26 12:48:00,13.1,"0,0,0"
2026-04-26 12:54:00,13.1,"0,0,0"
2026-04-26 13:00:00,13.1,"0,0,0"
2026-04-26 13:06:00,13.0,"0,0,0"
2026-04-26 13:12:00,13.0,"0,0,0"
2026-04-26 13:18:00,13.0,"0,0,0"
2026-04-26 13:24:00,13.0,"0,0,0"
2026-04-26 13:30:00,13.0,"0,0,0"
2026-04-26 13:36:00,13.0,"0,0,0"
2026-04-26 13:42:00,13.0,"0,0,0"
2026-04-26 13:48:00,13.0,"0,0,0"
2026-04-26 13:54:00,13.0,"0,0,0"
2026-04-26 14:00:00,13.0,"0,0,0"
2026-04-26 14:06:00,13.0,"0,0,0"
2026-04-26 14:12:00,13.0,"0,0,0"
2026-04-26 14:18:00,13.0,"0,0,0"
2026-04-26 14:24:00,13.0,"0,0,0"
2026-04-26 14:30:00,13.0,"0,0,0"
2026-04-26 14:36:00,13.0,"0,0,0"
2026-04-26 14:42:00,13.0,"0,0,0"
2026-04-26 14:48:00,13.0,"0,0,0"
2026-04-26 14:54:00,13.0,"0,0,0"
2026-04-26 15:00:00,13.0,"0,0,0"
2026-04-26 15:06:00,13.0,"0,0,0"
2026-04-26 15:12:00,13.0,"0,0,0"
2026-04-26 15:18:00,13.0,"0,0,0"
2026-04-26 15:24:00,13.0,"0,0,0"
2026-04-26 15:30:00,13.0,"0,0,0"
2026-04-26 15:36:00,13.0,"0,0,0"
2026-04-26 15:42:00,13.0,"0,0,0"
2026-04-26 15:48:00,13.0,"0,0,0"
2026-04-26 15:54:00,13.0,"0,0,0"
2026-04-26 16:00:00,13.0,"0,0,0"
2026-04-26 16:06:00,13.0,"0,0,0"
2026-04-26 16:12:00,13.0,"0,0,0"
2026-04-26 16:18:00,13.0,"0,0,0"
2026-04-26 16:24:00,13.0,"0,0,0"
2026-04-26 16:30:00,13.0,"0,0,0"
2026-04-26 16:36:00,13.0,"0,0,0"
2026-04-26 16:42:00,13.0,"0,0,0"
2026-04-26 16:48:00,13.0,"0,0,0"
2026-04-26 16:54:00,13.0,"0,0,0"
2026-04-26 17:00:00,13.0,"0,0,0"
2026-04-26 17:06:00,13.0,"0,0,0"
2026-04-26 17:12:00,13.0,"0,0,0"
2026-04-26 17:18:00,13.0,"0,0,0"
2026-04-26 17:24:00,13.0,"0,0,0"
2026-04-26 17:30:00,13.0,"0,0,0"
2026-04-26 17:36:00,13.0,"0,0,0"
2026-04-26 17:42:00,13.0,"0,0,0"
2026-04-26 17:48:00,13.1,"0,0,0"
2026-04-26 17:54:00,13.1,"0,0,0"
2026-04-26 18:00:00,13.1,"0,0,0"
2026-04-26 18:06:00,13.1,"0,0,0"
2026-04-26 18:12:00,13.1,"0,0,0"
2026-04-26 18:18:00,13.1,"0,0,0"
2026-04-26 18:24:00,13.1,"0,0,0"
2026-04-26 18:30:00,13.1,"0,0,0"
2026-04-26 18:36:00,13.2,"0,0,0"
2026-04-26 18:42:00,13.2,"0,0,0"
2026-04-26 18:48:00,13.2,"0,0,0"
2026-04-26 18:54:00,13.2,"0,0,0"
2026-04-26 19:00:00,13.2,"0,0,0"
2026-04-26 19:06:00,13.2,"0,0,0"
2026-04-26 19:12:00,13.2,"0,0,0"
2026-04-26 19:18:00,13.2,"0,0,0"
2026-04-26 19:24:00,13.2,"0,0,0"
2026-04-26 19:30:00,13.2,"0,0,0"
2026-04-26 19:36:00,13.2,"0,0,0"
2026-04-26 19:42:00,13.3,"0,0,0"
2026-04-26 19:48:00,13.3,"0,0,0"
2026-04-26 19:54:00,13.3,"0,0,0"
2026-04-26 20:00:00,13.3,"0,0,0"
2026-04-26 20:06:00,13.3,"0,0,0"
2026-04-26 20:12:00,13.3,"0,0,0"
2026-04-26 20:18:00,13.3,"0,0,0"
2026-04-26 20:24:00,13.4,"0,0,0"
2026-04-26 20:30:00,13.4,"0,0,0"
2026-04-26 20:36:00,13.4,"0,0,0"
2026-04-26 20:42:00,13.4,"0,0,0"
2026-04-26 20:48:00,13.4,"0,0,0"
2026-04-26 20:54:00,13.4,"0,0,0"
2026-04-26 21:00:00,13.4,"0,0,0"
2026-04-26 21:06:00,13.4,"0,0,0"
2026-04-26 21:12:00,13.4,"0,0,0"
2026-04-26 21:18:00,13.4,"0,0,0"
2026-04-26 21:24:00,13.4,"0,0,0"
2026-04-26 21:30:00,13.4,"0,0,0"
2026-04-26 21:36:00,13.4,"0,0,0"
2026-04-26 21:42:00,13.5,"0,0,0"
2026-04-26 21:48:00,13.4,"0,0,0"
2026-04-26 21:54:00,13.5,"0,0,0"
2026-04-26 22:00:00,13.5,"0,0,0"
2026-04-26 22:06:00,13.5,"0,0,0"
2026-04-26 22:12:00,13.6,"0,0,0"
2026-04-26 22:18:00,13.6,"0,0,0"
2026-04-26 22:24:00,13.5,"0,0,0"
2026-04-26 22:30:00,13.5,"0,0,0"
2026-04-26 22:36:00,13.6,"0,0,0"
2026-04-26 22:42:00,13.6,"0,0,0"
2026-04-26 22:48:00,13.6,"0,0,0"
2026-04-26 22:54:00,13.6,"0,0,0"
2026-04-26 23:00:00,13.6,"0,0,0"
2026-04-26 23:06:00,13.7,"0,0,0"
2026-04-26 23:12:00,13.7,"0,0,0"
2026-04-26 23:18:00,13.7,"0,0,0"
2026-04-26 23:24:00,13.7,"0,0,0"
2026-04-26 23:30:00,13.7,"0,0,0"
2026-04-26 23:36:00,13.7,"0,0,0"
2026-04-26 23:42:00,13.7,"0,0,0"
2026-04-26 23:48:00,13.8,"0,0,0"
2026-04-26 23:54:00,13.8,"0,0,0"
2026-04-27 00:00:00,13.8,"0,0,0"
2026-04-27 00:06:00,13.8,"0,0,0"
2026-04-27 00:12:00,13.8,"0,0,0"
2026-04-27 00:18:00,13.8,"0,0,0"
2026-04-27 00:24:00,13.8,"0,0,0"
2026-04-27 00:30:00,13.9,"0,0,0"
2026-04-27 00:36:00,13.9,"0,0,0"
2026-04-27 00:42:00,13.9,"0,0,0"
2026-04-27 00:48:00,13.9,"0,0,0"
2026-04-27 00:54:00,13.9,"0,0,0"
2026-04-27 01:00:00,13.9,"0,0,0"
2026-04-27 01:06:00,13.8,"0,0,0"
2026-04-27 01:12:00,13.8,"0,0,0"
2026-04-27 01:18:00,13.8,"0,0,0"
2026-04-27 01:24:00,13.8,"0,0,0"
2026-04-27 01:30:00,13.8,"0,0,0"
2026-04-27 01:36:00,13.8,"0,0,0"
2026-04-27 01:42:00,13.8,"0,0,0"
2026-04-27 01:48:00,13.8,"0,0,0"
2026-04-27 01:54:00,13.7,"0,0,0"
2026-04-27 02:00:00,13.7,"0,0,0"
2026-04-27 02:06:00,13.7,"0,0,0"
2026-04-27 02:12:00,13.6,"0,0,0"
2026-04-27 02:18:00,13.6,"0,0,0"
2026-04-27 02:24:00,13.6,"0,0,0"
2026-04-27 02:30:00,13.5,"0,0,0"
2026-04-27 02:36:00,13.6,"0,0,0"
2026-04-27 02:42:00,13.5,"0,0,0"
2026-04-27 02:48:00,13.5,"0,0,0"
2026-04-27 02:54:00,13.5,"0,0,0"
2026-04-27 03:00:00,13.5,"0,0,0"
2026-04-27 03:06:00,13.5,"0,0,0"
2026-04-27 03:12:00,13.5,"0,0,0"
2026-04-27 03:18:00,13.5,"0,0,0"
2026-04-27 03:24:00,13.5,"0,0,0"
2026-04-27 03:30:00,13.5,"0,0,0"
2026-04-27 03:36:00,13.5,"0,0,0"
2026-04-27 03:42:00,13.5,"0,0,0"
2026-04-27 03:48:00,13.5,"0,0,0"
2026-04-27 03:54:00,13.4,"0,0,0"
2026-04-27 04:00:00,13.4,"0,0,0"
2026-04-27 04:06:00,13.4,"0,0,0"
2026-04-27 04:12:00,13.4,"0,0,0"
2026-04-27 04:18:00,13.4,"0,0,0"
2026-04-27 04:24:00,13.4,"0,0,0"
2026-04-27 04:30:00,13.4,"0,0,0"
2026-04-27 04:36:00,13.4,"0,0,0"
2026-04-27 04:42:00,13.4,"0,0,0"
2026-04-27 04:48:00,13.4,"0,0,0"
2026-04-27 04:54:00,13.4,"0,0,0"
2026-04-27 05:00:00,13.4,"0,0,0"
2026-04-27 05:06:00,13.4,"0,0,0"
2026-04-27 05:12:00,13.4,"0,0,0"
2026-04-27 05:18:00,13.4,"0,0,0"
2026-04-27 05:24:00,13.5,"0,0,0"
2026-04-27 05:30:00,13.4,"0,0,0"
2026-04-27 05:36:00,13.5,"0,0,0"
2026-04-27 05:42:00,13.5,"0,0,0"
2026-04-27 05:48:00,13.5,"0,0,0"
2026-04-27 05:54:00,13.5,"0,0,0"
2026-04-27 06:00:00,13.5,"0,0,0"
2026-04-27 06:06:00,13.5,"0,0,0"
2026-04-27 06:12:00,13.5,"0,0,0"
2026-04-27 06:18:00,13.6,"0,0,0"
2026-04-27 06:24:00,13.6,"0,0,0"
2026-04-27 06:30:00,13.5,"0,0,0"
2026-04-27 06:36:00,13.5,"0,0,0"
2026-04-27 06:42:00,13.5,"0,0,0"
2026-04-27 06:48:00,13.5,"0,0,0"
2026-04-27 06:54:00,13.5,"0,0,0"
2026-04-27 07:00:00,13.5,"0,0,0"
2026-04-27 07:06:00,13.5,"0,0,0"
2026-04-27 07:12:00,13.5,"0,0,0"
2026-04-27 07:18:00,13.5,"0,0,0"
2026-04-27 07:24:00,13.5,"0,0,0"
2026-04-27 07:30:00,13.5,"0,0,0"
2026-04-27 07:36:00,13.5,"0,0,0"
2026-04-27 07:42:00,13.5,"0,0,0"
2026-04-27 07:48:00,13.5,"0,0,0"
2026-04-27 07:54:00,13.5,"0,0,0"
2026-04-27 08:00:00,13.5,"0,0,0"
2026-04-27 08:06:00,13.5,"0,0,0"
2026-04-27 08:12:00,13.5,"0,0,0"
2026-04-27 08:18:00,13.5,"0,0,0"
2026-04-27 08:24:00,13.5,"0,0,0"
2026-04-27 08:30:00,13.5,"0,0,0"
2026-04-27 08:36:00,13.5,"0,0,0"
2026-04-27 08:42:00,13.5,"0,0,0"
2026-04-27 08:48:00,13.5,"0,0,0"
2026-04-27 08:54:00,13.5,"0,0,0"
2026-04-27 09:00:00,13.5,"0,0,0"
2026-04-27 09:06:00,13.5,"0,0,0"
2026-04-27 09:12:00,13.5,"0,0,0"
2026-04-27 09:18:00,13.5,"0,0,0"
2026-04-27 09:24:00,13.5,"0,0,0"
2026-04-27 09:30:00,13.5,"0,0,0"
2026-04-27 09:36:00,13.5,"0,0,0"
2026-04-27 09:42:00,13.5,"0,0,0"
2026-04-27 09:48:00,13.5,"0,0,0"
2026-04-27 09:54:00,13.5,"0,0,0"
2026-04-27 10:00:00,13.5,"0,0,0"
2026-04-27 10:06:00,13.5,"0,0,0"
2026-04-27 10:12:00,13.5,"0,0,0"
2026-04-27 10:18:00,13.5,"0,0,0"
2026-04-27 10:24:00,13.5,"0,0,0"
2026-04-27 10:30:00,13.5,"0,0,0"
2026-04-27 10:36:00,13.5,"0,0,0"
2026-04-27 10:42:00,13.5,"0,0,0"
2026-04-27 10:48:00,13.5,"0,0,0"
2026-04-27 10:54:00,13.4,"0,0,0"
2026-04-27 11:00:00,13.4,"0,0,0"
2026-04-27 11:06:00,13.4,"0,0,0"
2026-04-27 11:12:00,13.4,"0,0,0"
2026-04-27 11:18:00,13.4,"0,0,0"
2026-04-27 11:24:00,13.4,"0,0,0"
2026-04-27 11:30:00,13.4,"0,0,0"
2026-04-27 11:36:00,13.4,"0,0,0"
2026-04-27 11:42:00,13.4,"0,0,0"
2026-04-27 11:48:00,13.4,"0,0,0"
2026-04-27 11:54:00,13.4,"0,0,0"
2026-04-27 12:00:00,13.4,"0,0,0"
2026-04-27 12:06:00,13.4,"0,0,0"
2026-04-27 12:12:00,13.4,"0,0,0"
2026-04-27 12:18:00,13.4,"0,0,0"
2026-04-27 12:24:00,13.4,"0,0,0"
2026-04-27 12:30:00,13.4,"0,0,0"
2026-04-27 12:36:00,13.4,"0,0,0"
2026-04-27 12:42:00,13.4,"0,0,0"
2026-04-27 12:48:00,13.4,"0,0,0"
2026-04-27 12:54:00,13.4,"0,0,0"
2026-04-27 13:00:00,13.3,"0,0,0"
2026-04-27 13:06:00,13.3,"0,0,0"
2026-04-27 13:12:00,13.3,"0,0,0"
2026-04-27 13:18:00,13.3,"0,0,0"
2026-04-27 13:24:00,13.3,"0,0,0"
2026-04-27 13:30:00,13.3,"0,0,0"
2026-04-27 13:36:00,13.3,"0,0,0"
2026-04-27 13:42:00,13.3,"0,0,0"
2026-04-27 13:48:00,13.3,"0,0,0"
2026-04-27 13:54:00,13.3,"0,0,0"
2026-04-27 14:00:00,13.3,"0,0,0"
2026-04-27 14:06:00,13.3,"0,0,0"
2026-04-27 14:12:00,13.3,"0,0,0"
2026-04-27 14:18:00,13.3,"0,0,0"
2026-04-27 14:24:00,13.3,"0,0,0"
2026-04-27 14:30:00,13.3,"0,0,0"
2026-04-27 14:36:00,13.3,"0,0,0"
2026-04-27 14:42:00,13.3,"0,0,0"
2026-04-27 14:48:00,13.3,"0,0,0"
2026-04-27 14:54:00,13.3,"0,0,0"
2026-04-27 15:00:00,13.3,"0,0,0"
2026-04-27 15:06:00,13.3,"0,0,0"
2026-04-27 15:12:00,13.3,"0,0,0"
2026-04-27 15:18:00,13.3,"0,0,0"
2026-04-27 15:24:00,13.3,"0,0,0"
2026-04-27 15:30:00,13.3,"0,0,0"
2026-04-27 15:36:00,13.3,"0,0,0"
2026-04-27 15:42:00,13.3,"0,0,0"
2026-04-27 15:48:00,13.3,"0,0,0"
2026-04-27 15:54:00,13.3,"0,0,0"
2026-04-27 16:00:00,13.3,"0,0,0"
2026-04-27 16:06:00,13.3,"0,0,0"
2026-04-27 16:12:00,13.3,"0,0,0"
2026-04-27 16:18:00,13.3,"0,0,0"
2026-04-27 16:24:00,13.3,"0,0,0"
2026-04-27 16:30:00,13.3,"0,0,0"
2026-04-27 16:36:00,13.3,"0,0,0"
2026-04-27 16:42:00,13.3,"0,0,0"
2026-04-27 16:48:00,13.3,"0,0,0"
2026-04-27 16:54:00,13.3,"0,0,0"
2026-04-27 17:00:00,13.3,"0,0,0"
2026-04-27 17:06:00,13.3,"0,0,0"
2026-04-27 17:12:00,13.2,"0,0,0"
2026-04-27 17:18:00,13.2,"0,0,0"
2026-04-27 17:24:00,13.2,"0,0,0"
2026-04-27 17:30:00,13.2,"0,0,0"
2026-04-27 17:36:00,13.2,"0,0,0"
2026-04-27 17:42:00,13.2,"0,0,0"
2026-04-27 17:48:00,13.2,"0,0,0"
2026-04-27 17:54:00,13.2,"0,0,0"
2026-04-27 18:00:00,13.3,"0,0,0"
2026-04-27 18:06:00,13.3,"0,0,0"
2026-04-27 18:12:00,13.3,"0,0,0"
2026-04-27 18:18:00,13.3,"0,0,0"
2026-04-27 18:24:00,13.3,"0,0,0"
2026-04-27 18:30:00,13.3,"0,0,0"
2026-04-27 18:36:00,13.3,"0,0,0"
2026-04-27 18:42:00,13.3,"0,0,0"
2026-04-27 18:48:00,13.3,"0,0,0"
2026-04-27 18:54:00,13.4,"0,0,0"
2026-04-27 19:00:00,13.4,"0,0,0"
2026-04-27 19:06:00,13.4,"0,0,0"
2026-04-27 19:12:00,13.4,"0,0,0"
2026-04-27 19:18:00,13.5,"0,0,0"
2026-04-27 19:24:00,13.5,"0,0,0"
2026-04-27 19:30:00,13.5,"0,0,0"
2026-04-27 19:36:00,13.5,"0,0,0"
2026-04-27 19:42:00,13.5,"0,0,0"
2026-04-27 19:48:00,13.6,"0,0,0"
2026-04-27 19:54:00,13.6,"0,0,0"
2026-04-27 20:00:00,13.6,"0,0,0"
2026-04-27 20:06:00,13.6,"0,0,0"
2026-04-27 20:12:00,13.7,"0,0,0"
2026-04-27 20:18:00,13.8,"0,0,0"
2026-04-27 20:24:00,13.8,"0,0,0"
2026-04-27 20:30:00,13.8,"0,0,0"
2026-04-27 20:36:00,13.9,"0,0,0"
2026-04-27 20:42:00,13.9,"0,0,0"
2026-04-27 20:48:00,13.9,"0,0,0"
2026-04-27 20:54:00,14.0,"0,0,0"
2026-04-27 21:00:00,14.0,"0,0,0"
2026-04-27 21:06:00,14.0,"0,0,0"
2026-04-27 21:12:00,14.1,"0,0,0"
2026-04-27 21:18:00,14.1,"0,0,0"
2026-04-27 21:24:00,14.1,"0,0,0"
2026-04-27 21:30:00,14.1,"0,0,0"
2026-04-27 21:36:00,14.2,"0,0,0"
2026-04-27 21:42:00,14.2,"0,0,0"
2026-04-27 21:48:00,14.2,"0,0,0"
2026-04-27 21:54:00,14.3,"0,0,0"
2026-04-27 22:00:00,14.3,"0,0,0"
2026-04-27 22:06:00,14.3,"0,0,0"
2026-04-27 22:12:00,14.4,"0,0,0"
2026-04-27 22:18:00,14.4,"0,0,0"
2026-04-27 22:24:00,14.4,"0,0,0"
2026-04-27 22:30:00,14.4,"0,0,0"
2026-04-27 22:36:00,14.5,"0,0,0"
2026-04-27 22:42:00,14.5,"0,0,0"
2026-04-27 22:48:00,14.5,"0,0,0"
2026-04-27 22:54:00,14.6,"0,0,0"
2026-04-27 23:00:00,14.6,"0,0,0"
2026-04-27 23:06:00,14.6,"0,0,0"
2026-04-27 23:12:00,14.6,"0,0,0"
2026-04-27 23:18:00,14.7,"0,0,0"
2026-04-27 23:24:00,14.7,"0,0,0"
2026-04-27 23:30:00,14.7,"0,0,0"
2026-04-27 23:36:00,14.7,"0,0,0"
2026-04-27 23:42:00,14.7,"0,0,0"
2026-04-27 23:48:00,14.7,"0,0,0"
2026-04-27 23:54:00,14.8,"0,0,0"
